id_book,price
1,10.19
2,80.0
3,160.0
4,14.95
5,54.35
6,18.95
7,127.0
8,11.49
9,12.58
10,29.95
11,14.37
12,32.94
13,7.99
14,6.95
15,7.06
16,151.1
17,16.47
18,26.95
19,45.63
20,11.47
21,24.0
22,58.95
23,14.95
24,21.95
25,17.22
26,98.42
27,9.99
28,15.0
29,24.95
30,16.95
31,22.0
32,6.25
33,7.56
34,18.96
35,22.83
36,16.95
37,10.91
38,4.49
39,31.0
40,4.78
41,14.95
42,13.16
43,30.92
44,16.95
45,16.95
46,7.99
47,17.05
48,26.6
49,99.0
50,93.21
51,18.94
52,12.64
53,18.99
54,12.95
55,11.66
56,16.95
57,382.28
58,9.69
59,14.95
60,22.0
61,11.04
62,39.95
63,19.0
64,19.99
65,20.99
66,7.99
67,16.95
68,44.99
69,13.22
70,16.95
71,26.95
72,14.95
73,11.55
74,29.95
75,12.99
76,50.0
77,31.5
78,15.95
79,27.32
80,11.95
81,10.71
82,22.0
83,17.16
84,7.38
85,48.0
86,60.2
87,8.95
88,34.82
89,14.95
90,15.95
91,11.35
92,13.15
93,9.1
94,8.0
95,16.95
96,19.95
97,18.95
98,20.08
99,84.21
100,19.59
101,32.54
102,27.5
103,10.66
104,119.95
105,48.17
106,10.97
107,13.75
108,98.95
109,106.62
110,18.95
111,12.95
112,17.15
113,34.95
114,12.99
115,11.55
116,22.0
117,29.65
118,16.95
119,17.99
120,37.27
121,34.95
122,24.37
123,31.95
124,26.95
125,71.99
126,12.95
127,12.64
128,14.3
129,15.95
130,97.36
131,26.6
132,44.99
133,49.99
134,10.99
135,16.49
136,36.48
137,25.5
138,14.95
139,12.71
140,21.99
141,9.95
142,23.0
143,60.0
144,69.25
145,99.0
146,52.84
147,17.1
148,37.5
149,14.55
150,12.95
151,5.99
152,14.99
153,17.81
154,15.0
155,26.95
156,18.96
157,21.52
158,4.49
159,10.94
160,38.37
161,24.95
162,16.99
163,16.0
164,8.95
165,18.95
166,12.95
167,17.9
168,22.99
169,26.99
170,7.99
171,26.37
172,28.17
173,17.45
174,12.95
175,32.8
176,28.99
177,29.95
178,23.8
179,18.0
180,5.95
181,9.95
182,19.48
183,26.95
184,10.94
185,16.85
186,9.99
187,15.95
188,6.99
189,12.0
190,97.0
191,16.95
192,22.23
193,139.49
194,12.92
195,33.64
196,29.69
197,8.0
198,12.99
199,12.44
200,22.4
201,9.59
202,19.46
203,6.95
204,19.95
205,52.0
206,15.61
207,16.99
208,24.99
209,14.22
210,59.95
211,51.0
212,69.95
213,8.29
214,11.95
215,11.47
216,10.87
217,17.99
218,170.0
219,10.91
220,11.97
221,17.13
222,24.64
223,19.2
224,22.95
225,24.99
226,71.33
227,20.96
228,21.75
229,10.62
230,74.0
231,6.99
232,6.99
233,11.47
234,110.95
235,275.0
236,39.95
237,49.32
238,23.95
239,9.95
240,14.5
241,17.95
242,28.82
243,9.74
244,12.71
245,12.87
246,134.95
247,14.95
248,14.5
249,9.95
250,14.03
251,14.66
252,84.48
253,13.0
254,8.0
255,24.95
256,279.95
257,122.0
258,13.95
259,15.99
260,12.47
261,12.56
262,11.56
263,39.95
264,11.95
265,29.99
266,8.76
267,12.47
268,7.99
269,12.95
270,9.94
271,12.5
272,4.95
273,20.33
274,5.95
275,14.95
276,12.95
277,15.95
278,15.0
279,17.15
280,26.0
281,25.0
282,14.18
283,5.95
284,12.5
285,27.95
286,16.99
287,28.08
288,24.08
289,9.95
290,42.08
291,59.95
292,14.78
293,12.95
294,90.33
295,7.5
296,12.95
297,10.95
298,27.25
299,5.95
300,49.95
301,19.99
302,32.73
303,24.95
304,13.22
305,13.22
306,11.01
307,29.95
308,5.28
309,10.85
310,21.99
311,18.95
312,6.99
313,16.49
314,34.64
315,51.95
316,15.56
317,11.81
318,29.95
319,5.35
320,10.88
321,69.0
322,18.68
323,14.95
324,14.99
325,23.8
326,21.47
327,9.34
328,45.8
329,19.95
330,121.92
331,19.4
332,24.95
333,17.38
334,59.99
335,14.95
336,95.95
337,18.95
338,16.96
339,110.44
340,13.5
341,7.99
342,17.95
343,12.49
344,17.24
345,40.0
346,19.95
347,12.99
348,19.54
349,13.28
350,13.0
351,31.95
352,99.0
353,13.83
354,29.95
355,17.95
356,18.96
357,21.95
358,7.08
359,18.99
360,11.04
361,5.47
362,22.99
363,25.95
364,18.96
365,11.66
366,49.79
367,17.95
368,30.0
369,54.95
370,18.95
371,30.55
372,24.95
373,19.95
374,12.95
375,19.95
376,16.95
377,15.57
378,55.0
379,44.99
380,27.32
381,85.0
382,22.95
383,13.16
384,17.95
385,9.95
386,16.5
387,37.38
388,17.15
389,59.95
390,5.5
391,45.0
392,15.0
393,5.52
394,14.95
395,74.95
396,10.0
397,14.95
398,15.95
399,31.06
400,5.95
401,180.77
402,21.01
403,18.95
404,19.99
405,10.19
406,34.65
407,14.99
408,16.95
409,15.99
410,45.0
411,69.25
412,14.95
413,34.16
414,26.95
415,31.35
416,13.6
417,24.95
418,42.0
419,34.95
420,12.37
421,19.0
422,13.22
423,14.95
424,9.95
425,11.18
426,15.0
427,18.49
428,15.95
429,47.76
430,29.8
431,14.95
432,67.63
433,90.95
434,10.88
435,14.0
436,15.3
437,42.95
438,8.99
439,40.15
440,19.11
441,15.56
442,35.0
443,19.95
444,21.0
445,215.2
446,24.65
447,45.0
448,20.0
449,20.54
450,21.5
451,130.0
452,11.86
453,138.55
454,23.95
455,50.66
456,36.67
457,12.21
458,14.07
459,90.95
460,6.0
461,24.97
462,12.95
463,29.95
464,13.95
465,41.82
466,79.99
467,40.0
468,17.0
469,35.95
470,12.77
471,5.95
472,120.0
473,53.37
474,15.95
475,5.95
476,15.56
477,10.99
478,48.01
479,49.27
480,9.99
481,16.28
482,15.95
483,98.0
484,23.99
485,30.6
486,28.2
487,39.95
488,19.95
489,96.99
490,39.96
491,12.95
492,16.95
493,7.95
494,22.5
495,14.17
496,18.95
497,6.99
498,25.0
499,18.25
500,29.95
501,62.25
502,14.0
503,106.0
504,37.02
505,10.11
506,14.96
507,26.5
508,11.66
509,8.95
510,16.99
511,10.19
512,11.47
513,14.43
514,12.83
515,79.0
516,12.95
517,14.95
518,6.99
519,3.49
520,200.0
521,21.3
522,44.13
523,46.63
524,34.2
525,44.99
526,12.49
527,9.95
528,170.0
529,25.7
530,19.99
531,13.27
532,20.5
533,16.83
534,18.5
535,78.01
536,24.84
537,10.17
538,9.95
539,43.76
540,29.95
541,11.24
542,24.95
543,85.0
544,25.95
545,7.95
546,59.4
547,14.99
548,24.28
549,66.88
550,7.19
551,23.95
552,5.44
553,16.47
554,18.99
555,12.95
556,17.77
557,37.89
558,6.97
559,85.0
560,16.0
561,23.0
562,59.99
563,41.25
564,9.28
565,14.99
566,39.86
567,127.95
568,11.01
569,31.81
570,17.47
571,11.66
572,34.95
573,14.94
574,25.65
575,24.95
576,59.99
577,32.95
578,31.0
579,8.05
580,20.0
581,11.11
582,16.95
583,38.61
584,30.29
585,13.26
586,79.0
587,42.12
588,11.01
589,65.0
590,151.95
591,12.74
592,22.99
593,5.95
594,62.0
595,28.88
596,14.95
597,13.95
598,9.99
599,7.99
600,12.95
601,14.98
602,6.32
603,129.0
604,39.95
605,25.64
606,74.0
607,19.77
608,11.05
609,41.43
610,15.3
611,14.95
612,16.95
613,12.23
614,6.65
615,10.19
616,17.98
617,39.95
618,44.94
619,45.87
620,7.95
621,20.69
622,12.95
623,12.98
624,9.87
625,11.66
626,8.0
627,26.94
628,9.99
629,172.61
630,18.96
631,34.95
632,91.06
633,145.0
634,16.95
635,152.03
636,24.72
637,35.95
638,5.95
639,76.65
640,41.99
641,18.09
642,12.42
643,52.5
644,19.99
645,24.95
646,9.95
647,96.15
648,35.95
649,135.95
650,7.95
651,29.95
652,23.95
653,25.95
654,25.51
655,35.47
656,14.58
657,39.99
658,17.9
659,4.49
660,13.22
661,72.0
662,11.53
663,1.5
664,15.52
665,210.0
666,36.44
667,21.9
668,59.0
669,24.95
670,31.99
671,8.79
672,16.99
673,35.95
674,8.95
675,14.99
676,3.95
677,15.0
678,29.99
679,11.51
680,7.74
681,24.95
682,95.0
683,19.95
684,16.47
685,17.98
686,39.25
687,34.95
688,5.6
689,13.95
690,11.64
691,35.0
692,12.95
693,18.04
694,14.71
695,13.43
696,15.0
697,63.43
698,15.54
699,24.95
700,13.57
701,11.42
702,7.76
703,29.95
704,25.95
705,9.95
706,40.8
707,27.95
708,18.72
709,45.0
710,19.1
711,6.25
712,6.99
713,6.99
714,34.95
715,74.51
716,10.95
717,89.95
718,30.0
719,24.95
720,5.95
721,11.69
722,89.95
723,7.15
724,19.95
725,26.15
726,14.82
727,27.5
728,23.0
729,59.9
730,25.95
731,15.0
732,22.0
733,16.95
734,12.5
735,12.0
736,39.95
737,24.95
738,3.56
739,46.3
740,125.95
741,13.5
742,14.78
743,20.0
744,33.42
745,19.99
746,57.5
747,75.0
748,11.01
749,6.29
750,26.95
751,28.34
752,32.95
753,48.94
754,19.95
755,112.94
756,20.95
757,5.99
758,36.95
759,28.95
760,5.98
761,25.95
762,25.0
763,19.99
764,5.95
765,12.16
766,11.96
767,11.66
768,43.46
769,42.0
770,19.0
771,14.21
772,22.8
773,11.53
774,13.59
775,14.95
776,26.56
777,21.24
778,5.95
779,22.95
780,14.95
781,186.9
782,5.73
783,6.25
784,100.0
785,24.95
786,112.89
787,78.99
788,29.95
789,39.25
790,7.95
791,5.99
792,39.95
793,29.95
794,10.49
795,17.95
796,17.5
797,15.11
798,7.99
799,15.0
800,13.68
801,19.98
802,13.95
803,25.04
804,41.0
805,79.95
806,94.95
807,25.0
808,6.29
809,25.0
810,19.54
811,56.99
812,15.56
813,139.95
814,14.78
815,8.0
816,8.87
817,16.0
818,28.95
819,10.17
820,17.95
821,14.95
822,11.99
823,54.95
824,29.95
825,47.4
826,24.95
827,11.01
828,10.95
829,54.95
830,14.96
831,14.95
832,19.95
833,32.5
834,12.95
835,6.95
836,28.0
837,12.05
838,34.99
839,59.9
840,35.95
841,15.98
842,25.58
843,16.49
844,12.5
845,15.95
846,25.95
847,17.15
848,13.95
849,49.5
850,12.95
851,26.56
852,17.02
853,14.95
854,25.7
855,14.56
856,10.46
857,15.95
858,25.0
859,9.99
860,12.12
861,15.5
862,13.07
863,18.96
864,25.0
865,59.99
866,16.47
867,73.99
868,27.5
869,22.8
870,11.21
871,12.3
872,26.9
873,6.25
874,58.68
875,22.76
876,19.95
877,12.87
878,17.93
879,17.95
880,52.39
881,12.47
882,7.95
883,46.0
884,26.95
885,169.0
886,14.98
887,19.95
888,14.6
889,9.95
890,39.95
891,18.0
892,9.0
893,19.95
894,13.4
895,150.0
896,15.59
897,20.0
898,14.95
899,18.98
900,34.19
901,17.95
902,10.95
903,14.95
904,95.0
905,18.95
906,39.99
907,18.96
908,12.95
909,23.95
910,9.95
911,26.95
912,55.99
913,11.53
914,9.59
915,19.95
916,11.96
917,12.18
918,11.38
919,41.95
920,26.35
921,12.44
922,55.12
923,17.15
924,14.5
925,25.65
926,12.95
927,9.56
928,8.99
929,11.67
930,3.79
931,7.99
932,11.53
933,43.0
934,24.99
935,21.0
936,19.95
937,9.84
938,17.19
939,49.5
940,66.88
941,60.0
942,11.69
943,100.0
944,15.95
945,42.31
946,29.99
947,9.95
948,28.95
949,15.78
950,79.95
951,11.94
952,285.95
953,39.95
954,20.99
955,16.29
956,89.95
957,18.48
958,12.95
959,75.0
960,17.9
961,14.95
962,14.95
963,14.99
964,36.95
965,24.95
966,78.0
967,15.76
968,7.99
969,12.92
970,8.34
971,16.95
972,3.0
973,165.0
974,10.55
975,99.0
976,27.95
977,51.6
978,9.95
979,9.68
980,11.2
981,21.47
982,16.17
983,7.76
984,19.95
985,26.95
986,7.99
987,10.0
988,15.56
989,11.21
990,15.15
991,21.99
992,13.95
993,18.95
994,99.0
995,85.39
996,30.0
997,9.99
998,30.0
999,43.79
1000,24.95
1001,12.95
1002,19.99
1003,5.95
1004,13.5
1005,10.93
1006,16.0
1007,16.95
1008,24.95
1009,14.95
1010,7.99
1011,5.77
1012,14.95
1013,13.95
1014,24.0
1015,21.95
1016,6.99
1017,21.95
1018,22.99
1019,12.2
1020,12.95
1021,6.47
1022,41.37
1023,10.09
1024,16.02
1025,6.39
1026,13.46
1027,10.2
1028,31.94
1029,29.95
1030,18.96
1031,20.51
1032,7.99
1033,24.95
1034,119.82
1035,24.0
1036,13.98
1037,20.95
1038,10.16
1039,12.47
1040,72.42
1041,50.0
1042,47.89
1043,7.83
1044,15.0
1045,17.0
1046,44.45
1047,32.0
1048,14.95
1049,11.69
1050,11.01
1051,148.78
1052,80.98
1053,34.95
1054,6.99
1055,13.11
1056,40.37
1057,44.96
1058,24.66
1059,29.95
1060,16.62
1061,13.1
1062,135.0
1063,13.47
1064,39.95
1065,39.75
1066,15.72
1067,25.65
1068,11.01
1069,11.75
1070,21.99
1071,15.46
1072,28.35
1073,29.95
1074,32.95
1075,116.4
1076,34.95
1077,9.59
1078,24.95
1079,9.95
1080,22.1
1081,9.95
1082,16.37
1083,10.95
1084,55.0
1085,5.95
1086,21.95
1087,16.95
1088,11.96
1089,11.9
1090,9.95
1091,136.0
1092,3.97
1093,19.95
1094,25.0
1095,5.95
1096,3.79
1097,649.25
1098,32.95
1099,71.57
1100,13.99
1101,12.46
1102,12.95
1103,17.95
1104,6.99
1105,41.58
1106,15.59
1107,12.89
1108,40.0
1109,5.99
1110,13.95
1111,12.71
1112,15.61
1113,18.83
1114,12.95
1115,7.99
1116,12.44
1117,17.77
1118,25.6
1119,17.82
1120,15.0
1121,26.49
1122,34.95
1123,56.42
1124,14.95
1125,10.88
1126,14.95
1127,25.0
1128,125.0
1129,24.37
1130,15.95
1131,47.89
1132,83.01
1133,24.95
1134,4.95
1135,13.22
1136,22.95
1137,22.0
1138,81.22
1139,11.69
1140,3.98
1141,17.95
1142,9.95
1143,8.0
1144,6.99
1145,19.95
1146,14.95
1147,32.37
1148,16.0
1149,14.95
1150,7.99
1151,79.07
1152,23.07
1153,18.96
1154,14.95
1155,11.04
1156,17.12
1157,9.95
1158,62.95
1159,18.95
1160,9.99
1161,8.79
1162,27.0
1163,11.21
1164,69.0
1165,32.95
1166,27.0
1167,18.0
1168,15.95
1169,19.95
1170,16.95
1171,11.26
1172,59.5
1173,385.0
1174,34.95
1175,10.95
1176,34.95
1177,24.95
1178,16.84
1179,17.95
1180,14.95
1181,14.71
1182,10.36
1183,4.95
1184,82.25
1185,12.95
1186,14.95
1187,10.95
1188,49.0
1189,13.72
1190,10.2
1191,17.1
1192,12.39
1193,36.5
1194,11.86
1195,5.95
1196,10.6
1197,14.95
1198,66.31
1199,12.44
1200,3.99
1201,45.95
1202,67.0
1203,34.95
1204,25.95
1205,21.95
1206,21.95
1207,296.78
1208,15.56
1209,115.0
1210,27.5
1211,29.95
1212,20.62
1213,12.95
1214,23.95
1215,11.66
1216,15.51
1217,29.95
1218,38.01
1219,5.99
1220,13.87
1221,68.44
1222,16.95
1223,16.95
1224,22.95
1225,13.6
1226,19.99
1227,29.87
1228,24.95
1229,20.0
1230,16.95
1231,8.95
1232,22.95
1233,14.95
1234,78.5
1235,19.95
1236,28.0
1237,11.66
1238,18.95
1239,199.0
1240,93.0
1241,40.19
1242,24.08
1243,52.99
1244,14.95
1245,84.03
1246,9.37
1247,59.4
1248,13.99
1249,95.31
1250,24.95
1251,12.99
1252,23.65
1253,5.99
1254,7.95
1255,7.99
1256,10.91
1257,37.96
1258,26.95
1259,17.0
1260,17.95
1261,2.4
1262,9.98
1263,18.95
1264,18.21
1265,82.55
1266,22.9
1267,87.25
1268,18.0
1269,14.51
1270,30.95
1271,26.4
1272,14.95
1273,9.99
1274,16.99
1275,71.95
1276,14.99
1277,117.99
1278,9.34
1279,9.95
1280,79.75
1281,15.0
1282,45.95
1283,15.0
1284,29.1
1285,29.95
1286,29.95
1287,20.55
1288,21.95
1289,66.88
1290,25.95
1291,17.77
1292,29.95
1293,119.95
1294,19.64
1295,14.0
1296,11.1
1297,140.0
1298,60.0
1299,169.0
1300,22.0
1301,11.99
1302,10.2
1303,17.95
1304,15.0
1305,12.0
1306,24.75
1307,13.25
1308,21.95
1309,149.99
1310,93.0
1311,13.17
1312,20.49
1313,34.95
1314,16.95
1315,10.24
1316,9.92
1317,42.81
1318,84.7
1319,44.26
1320,11.92
1321,27.95
1322,163.49
1323,9.22
1324,29.51
1325,30.0
1326,16.95
1327,45.0
1328,65.0
1329,12.99
1330,27.63
1331,19.95
1332,17.5
1333,8.95
1334,49.95
1335,185.0
1336,34.95
1337,10.22
1338,71.0
1339,9.99
1340,19.13
1341,13.22
1342,29.05
1343,29.95
1344,18.15
1345,45.51
1346,15.95
1347,19.34
1348,52.95
1349,50.0
1350,15.56
1351,15.44
1352,17.95
1353,16.0
1354,6.7
1355,29.95
1356,12.95
1357,9.95
1358,112.25
1359,165.0
1360,16.95
1361,19.95
1362,15.6
1363,14.95
1364,12.99
1365,9.95
1366,10.87
1367,19.95
1368,29.0
1369,100.0
1370,200.0
1371,29.95
1372,27.95
1373,10.2
1374,53.22
1375,18.95
1376,16.95
1377,34.39
1378,11.96
1379,24.05
1380,3.79
1381,19.86
1382,10.51
1383,7.99
1384,76.0
1385,21.95
1386,15.74
1387,5.95
1388,31.0
1389,11.66
1390,18.71
1391,15.0
1392,32.79
1393,9.99
1394,16.95
1395,11.99
1396,21.86
1397,11.95
1398,29.51
1399,79.5
1400,13.1
1401,32.95
1402,15.6
1403,22.95
1404,11.95
1405,24.99
1406,66.1
1407,5.95
1408,7.56
1409,21.86
1410,14.88
1411,18.96
1412,49.95
1413,47.45
1414,24.95
1415,11.15
1416,11.16
1417,13.95
1418,14.95
1419,11.86
1420,31.0
1421,389.0
1422,13.15
1423,15.9
1424,16.46
1425,74.95
1426,18.99
1427,6.99
1428,65.87
1429,22.95
1430,28.7
1431,70.73
1432,85.0
1433,7.0
1434,250.0
1435,16.95
1436,45.0
1437,39.22
1438,8.95
1439,17.68
1440,75.0
1441,13.57
1442,19.95
1443,21.24
1444,24.95
1445,15.95
1446,30.0
1447,10.29
1448,13.57
1449,86.0
1450,23.8
1451,55.0
1452,11.01
1453,9.42
1454,11.95
1455,27.7
1456,14.95
1457,47.53
1458,6.99
1459,9.99
1460,22.0
1461,7.2
1462,20.99
1463,14.95
1464,11.25
1465,19.95
1466,7.99
1467,12.13
1468,120.0
1469,63.0
1470,18.21
1471,28.01
1472,166.88
1473,8.99
1474,25.0
1475,13.14
1476,11.95
1477,12.62
1478,135.0
1479,19.06
1480,55.0
1481,44.95
1482,10.95
1483,11.84
1484,14.95
1485,10.8
1486,13.95
1487,12.14
1488,11.58
1489,18.95
1490,9.87
1491,16.95
1492,12.95
1493,22.95
1494,10.9
1495,42.79
1496,55.0
1497,15.34
1498,14.03
1499,7.46
1500,41.35
1501,9.6
1502,83.05
1503,14.0
1504,9.99
1505,18.0
1506,13.71
1507,25.0
1508,15.41
1509,16.95
1510,16.95
1511,24.95
1512,27.31
1513,72.0
1514,18.95
1515,69.95
1516,6.97
1517,14.95
1518,25.0
1519,11.69
1520,194.25
1521,11.99
1522,17.16
1523,12.85
1524,11.95
1525,18.98
1526,18.96
1527,16.95
1528,139.35
1529,11.19
1530,22.11
1531,35.0
1532,69.95
1533,18.95
1534,22.99
1535,15.95
1536,31.99
1537,32.0
1538,17.99
1539,66.31
1540,16.66
1541,16.29
1542,21.95
1543,9.07
1544,7.3
1545,25.0
1546,78.99
1547,11.89
1548,16.0
1549,94.0
1550,19.95
1551,12.77
1552,14.78
1553,11.99
1554,39.95
1555,55.71
1556,37.17
1557,10.17
1558,19.95
1559,13.95
1560,14.36
1561,70.95
1562,89.54
1563,13.89
1564,24.95
1565,9.99
1566,19.95
1567,34.99
1568,25.0
1569,9.36
1570,7.2
1571,17.95
1572,46.59
1573,22.38
1574,30.0
1575,14.96
1576,17.95
1577,9.99
1578,15.95
1579,59.95
1580,59.95
1581,58.3
1582,82.5
1583,14.0
1584,9.99
1585,53.25
1586,19.0
1587,17.95
1588,18.0
1589,69.95
1590,12.95
1591,59.95
1592,59.95
1593,97.73
1594,59.95
1595,22.55
1596,34.95
1597,59.95
1598,23.46
1599,59.95
1600,15.25
1601,6.99
1602,12.0
1603,59.95
1604,36.95
1605,34.4
1606,8.0
1607,13.0
1608,11.95
1609,29.99
1610,59.95
1611,8.99
1612,66.88
1613,11.95
1614,12.71
1615,59.95
1616,15.45
1617,63.8
1618,31.95
1619,136.99
1620,11.05
1621,59.95
1622,6.39
1623,13.83
1624,33.0
1625,8.94
1626,18.0
1627,14.95
1628,14.99
1629,59.95
1630,23.51
1631,11.53
1632,62.55
1633,9.94
1634,49.95
1635,59.95
1636,7.99
1637,19.81
1638,10.88
1639,17.95
1640,59.95
1641,11.01
1642,59.95
1643,17.21
1644,59.95
1645,24.95
1646,7.56
1647,16.0
1648,63.78
1649,59.95
1650,201.99
1651,104.0
1652,18.95
1653,29.98
1654,16.98
1655,15.51
1656,128.95
1657,59.95
1658,23.0
1659,5.99
1660,19.0
1661,12.95
1662,22.65
1663,54.95
1664,14.95
1665,29.95
1666,11.73
1667,21.43
1668,49.95
1669,12.95
1670,16.95
1671,11.74
1672,26.22
1673,13.49
1674,10.99
1675,12.95
1676,14.78
1677,58.0
1678,13.59
1679,11.53
1680,12.41
1681,17.13
1682,20.0
1683,29.95
1684,19.95
1685,29.95
1686,17.22
1687,13.99
1688,10.32
1689,11.6
1690,25.0
1691,50.0
1692,6.99
1693,31.38
1694,40.32
1695,7.99
1696,9.95
1697,32.44
1698,5.95
1699,29.99
1700,65.0
1701,11.52
1702,6.99
1703,18.95
1704,9.95
1705,21.95
1706,33.75
1707,16.95
1708,16.54
1709,24.95
1710,24.4
1711,84.52
1712,4.95
1713,34.65
1714,84.95
1715,17.99
1716,17.95
1717,33.87
1718,11.99
1719,9.27
1720,11.9
1721,16.0
1722,8.95
1723,43.76
1724,14.0
1725,11.35
1726,12.95
1727,21.99
1728,11.16
1729,145.24
1730,7.34
1731,12.95
1732,18.96
1733,12.74
1734,25.0
1735,13.25
1736,16.99
1737,14.95
1738,65.77
1739,94.95
1740,8.95
1741,14.21
1742,13.0
1743,19.95
1744,75.95
1745,27.5
1746,13.25
1747,9.95
1748,9.95
1749,5.95
1750,45.0
1751,7.99
1752,11.09
1753,11.01
1754,24.77
1755,56.26
1756,10.64
1757,120.0
1758,16.95
1759,23.96
1760,39.95
1761,12.44
1762,31.95
1763,18.0
1764,29.95
1765,35.0
1766,14.99
1767,239.0
1768,22.99
1769,52.45
1770,13.18
1771,29.95
1772,17.95
1773,19.99
1774,29.5
1775,21.99
1776,13.83
1777,16.95
1778,31.38
1779,67.46
1780,49.95
1781,85.0
1782,13.06
1783,47.98
1784,35.99
1785,74.0
1786,29.65
1787,5.95
1788,12.0
1789,9.95
1790,23.09
1791,48.95
1792,15.95
1793,10.95
1794,22.95
1795,7.99
1796,27.95
1797,69.31
1798,16.95
1799,10.95
1800,29.25
1801,12.95
1802,32.93
1803,6.97
1804,31.95
1805,12.48
1806,119.0
1807,16.0
1808,13.22
1809,24.95
1810,15.95
1811,19.99
1812,11.04
1813,8.0
1814,24.95
1815,15.0
1816,28.95
1817,7.95
1818,131.79
1819,29.95
1820,24.95
1821,9.95
1822,7.95
1823,10.3
1824,39.0
1825,18.95
1826,18.95
1827,6.99
1828,71.22
1829,11.69
1830,140.0
1831,1.49
1832,21.78
1833,99.99
1834,22.5
1835,14.0
1836,10.94
1837,4.39
1838,10.91
1839,107.15
1840,9.95
1841,14.56
1842,14.95
1843,12.98
1844,92.0
1845,47.5
1846,24.95
1847,24.95
1848,15.0
1849,25.0
1850,11.04
1851,79.0
1852,5.4
1853,19.95
1854,10.58
1855,23.63
1856,17.0
1857,29.95
1858,25.94
1859,12.71
1860,13.57
1861,57.95
1862,30.36
1863,101.0
1864,12.99
1865,11.64
1866,29.95
1867,7.0
1868,12.95
1869,7.99
1870,29.5
1871,29.95
1872,10.17
1873,11.69
1874,12.95
1875,5.99
1876,7.99
1877,40.15
1878,10.17
1879,83.99
1880,26.95
1881,22.99
1882,39.81
1883,22.0
1884,9.0
1885,6.9
1886,10.33
1887,9.97
1888,14.5
1889,12.4
1890,14.95
1891,23.0
1892,24.95
1893,13.18
1894,16.95
1895,7.99
1896,19.95
1897,16.0
1898,12.44
1899,23.95
1900,16.95
1901,7.99
1902,19.95
1903,79.95
1904,19.0
1905,64.95
1906,10.98
1907,37.01
1908,10.97
1909,62.25
1910,14.95
1911,21.95
1912,71.95
1913,35.0
1914,74.95
1915,19.95
1916,4.99
1917,114.0
1918,27.42
1919,22.0
1920,12.95
1921,33.59
1922,33.34
1923,20.99
1924,19.95
1925,5.99
1926,24.95
1927,16.35
1928,215.35
1929,12.95
1930,13.07
1931,12.47
1932,16.95
1933,121.59
1934,99.95
1935,6.97
1936,6.99
1937,109.95
1938,5.99
1939,5.58
1940,13.57
1941,23.95
1942,17.95
1943,9.99
1944,9.55
1945,10.17
1946,29.95
1947,101.0
1948,81.34
1949,19.95
1950,13.95
1951,29.0
1952,13.95
1953,8.0
1954,13.16
1955,36.5
1956,13.22
1957,62.0
1958,11.95
1959,12.44
1960,19.37
1961,24.0
1962,21.0
1963,11.96
1964,44.23
1965,25.8
1966,40.27
1967,11.66
1968,35.36
1969,78.82
1970,12.67
1971,12.59
1972,28.0
1973,36.95
1974,5.99
1975,27.95
1976,15.0
1977,32.42
1978,19.37
1979,50.95
1980,19.95
1981,10.91
1982,30.72
1983,13.6
1984,65.0
1985,34.99
1986,84.0
1987,13.42
1988,102.99
1989,10.99
1990,29.5
1991,35.0
1992,26.95
1993,4.99
1994,69.36
1995,5.99
1996,16.95
1997,11.21
1998,39.95
1999,115.0
2000,9.99
2001,11.51
2002,76.86
2003,23.49
2004,5.99
2005,45.0
2006,33.99
2007,57.5
2008,14.0
2009,14.95
2010,18.18
2011,229.95
2012,16.95
2013,11.95
2014,29.95
2015,29.95
2016,26.78
2017,10.19
2018,14.96
2019,14.95
2020,27.95
2021,9.58
2022,10.88
2023,9.99
2024,20.95
2025,19.95
2026,77.0
2027,29.43
2028,13.82
2029,10.95
2030,13.2
2031,16.0
2032,8.95
2033,15.99
2034,14.95
2035,18.95
2036,10.85
2037,11.99
2038,23.95
2039,14.28
2040,33.82
2041,17.95
2042,18.95
2043,32.5
2044,3.18
2045,9.95
2046,43.06
2047,11.32
2048,35.0
2049,14.25
2050,25.0
2051,20.95
2052,12.95
2053,34.06
2054,12.99
2055,13.43
2056,7.43
2057,43.95
2058,22.25
2059,10.17
2060,4.84
2061,13.0
2062,11.86
2063,12.44
2064,62.99
2065,17.4
2066,9.0
2067,39.49
2068,9.94
2069,156.95
2070,9.94
2071,21.29
2072,3.24
2073,24.95
2074,1.99
2075,12.91
2076,14.95
2077,37.95
2078,16.95
2079,10.85
2080,18.43
2081,32.0
2082,17.96
2083,14.99
2084,51.95
2085,14.95
2086,35.08
2087,26.0
2088,23.1
2089,63.88
2090,21.36
2091,11.88
2092,113.7
2093,28.49
2094,34.95
2095,39.95
2096,20.3
2097,31.5
2098,16.95
2099,15.95
2100,19.8
2101,21.95
2102,13.95
2103,29.48
2104,37.89
2105,140.0
2106,56.31
2107,148.1
2108,3.18
2109,14.78
2110,14.95
2111,20.95
2112,12.86
2113,21.95
2114,16.99
2115,18.99
2116,90.0
2117,48.61
2118,6.59
2119,36.95
2120,12.49
2121,11.29
2122,12.44
2123,10.16
2124,45.0
2125,14.18
2126,16.95
2127,39.24
2128,50.0
2129,29.78
2130,66.42
2131,26.39
2132,20.95
2133,39.95
2134,14.63
2135,3.18
2136,17.95
2137,73.5
2138,18.96
2139,16.21
2140,12.71
2141,21.99
2142,32.0
2143,23.95
2144,24.0
2145,6.99
2146,61.51
2147,6.66
2148,9.34
2149,13.42
2150,188.1
2151,15.0
2152,6.5
2153,14.95
2154,52.33
2155,9.95
2156,3.23
2157,65.0
2158,65.0
2159,18.76
2160,14.06
2161,30.95
2162,27.5
2163,11.95
2164,112.0
2165,13.11
2166,14.81
2167,6.99
2168,9.94
2169,27.61
2170,11.66
2171,41.31
2172,18.96
2173,32.95
2174,11.95
2175,24.95
2176,25.78
2177,13.57
2178,21.58
2179,10.91
2180,11.55
2181,27.0
2182,71.66
2183,11.32
2184,39.99
2185,3.99
2186,12.75
2187,11.59
2188,3.39
2189,32.5
2190,18.4
2191,31.96
2192,14.0
2193,9.34
2194,134.4
2195,16.47
2196,35.0
2197,3.99
2198,142.95
2199,13.95
2200,13.95
2201,12.95
2202,49.95
2203,18.96
2204,42.0
2205,19.5
2206,32.95
2207,51.7
2208,18.96
2209,8.99
2210,81.5
2211,99.9
2212,9.99
2213,32.18
2214,16.95
2215,16.0
2216,51.0
2217,45.96
2218,25.77
2219,32.5
2220,4.99
2221,14.95
2222,15.56
2223,15.99
2224,29.95
2225,134.0
2226,3.39
2227,22.76
2228,43.0
2229,9.31
2230,25.0
2231,9.95
2232,15.95
2233,3.39
2234,139.0
2235,9.18
2236,36.95
2237,19.95
2238,24.95
2239,6.99
2240,19.0
2241,45.0
2242,21.45
2243,36.94
2244,21.99
2245,10.91
2246,29.95
2247,9.97
2248,13.99
2249,15.95
2250,15.95
2251,10.2
2252,27.4
2253,20.9
2254,3.99
2255,13.49
2256,24.95
2257,10.17
2258,40.0
2259,3.39
2260,1.5
2261,23.97
2262,8.23
2263,21.79
2264,9.95
2265,10.95
2266,16.0
2267,23.95
2268,127.4
2269,9.34
2270,24.95
2271,10.2
2272,41.46
2273,6.0
2274,14.05
2275,27.95
2276,12.95
2277,9.95
2278,29.95
2279,10.36
2280,13.46
2281,109.88
2282,49.95
2283,16.47
2284,15.67
2285,9.95
2286,1.49
2287,18.95
2288,40.0
2289,23.0
2290,16.95
2291,19.8
2292,69.95
2293,17.04
2294,7.19
2295,14.81
2296,13.26
2297,13.9
2298,12.89
2299,9.95
2300,8.2
2301,3.99
2302,7.99
2303,142.95
2304,5.39
2305,12.99
2306,11.95
2307,3.99
2308,26.52
2309,33.6
2310,40.15
2311,81.99
2312,10.98
2313,19.95
2314,19.49
2315,22.04
2316,42.0
2317,12.89
2318,10.17
2319,18.41
2320,24.95
2321,14.95
2322,24.01
2323,15.95
2324,19.95
2325,10.98
2326,15.95
2327,12.95
2328,60.0
2329,10.62
2330,5.99
2331,17.47
2332,21.9
2333,36.92
2334,20.6
2335,16.47
2336,11.08
2337,23.04
2338,26.39
2339,3.99
2340,13.38
2341,21.12
2342,40.0
2343,26.79
2344,7.99
2345,17.95
2346,15.99
2347,3.99
2348,12.0
2349,11.86
2350,14.0
2351,10.87
2352,24.95
2353,50.59
2354,37.5
2355,25.0
2356,4.99
2357,9.95
2358,16.96
2359,11.25
2360,17.0
2361,7.99
2362,20.75
2363,12.21
2364,17.95
2365,5.5
2366,14.37
2367,18.95
2368,17.0
2369,39.95
2370,11.9
2371,73.25
2372,32.95
2373,26.5
2374,16.47
2375,16.98
2376,30.13
2377,14.95
2378,120.44
2379,162.0
2380,33.94
2381,26.66
2382,23.95
2383,29.95
2384,15.95
2385,14.95
2386,32.5
2387,19.57
2388,13.95
2389,75.0
2390,110.95
2391,14.05
2392,7.95
2393,26.43
2394,17.95
2395,27.36
2396,17.47
2397,11.95
2398,3.59
2399,17.95
2400,22.52
2401,24.89
2402,12.95
2403,38.87
2404,38.94
2405,15.0
2406,8.99
2407,22.49
2408,11.01
2409,4.99
2410,11.53
2411,49.3
2412,8.5
2413,17.2
2414,13.57
2415,22.52
2416,26.95
2417,13.95
2418,52.2
2419,231.47
2420,20.7
2421,16.47
2422,10.91
2423,33.71
2424,14.95
2425,10.83
2426,28.95
2427,14.8
2428,19.95
2429,25.0
2430,29.95
2431,19.4
2432,26.95
2433,28.38
2434,56.47
2435,17.47
2436,13.14
2437,18.95
2438,14.95
2439,15.61
2440,14.95
2441,16.86
2442,14.35
2443,42.95
2444,14.47
2445,19.29
2446,11.16
2447,22.95
2448,3.79
2449,19.99
2450,18.4
2451,70.5
2452,101.95
2453,36.95
2454,5.99
2455,24.87
2456,32.0
2457,5.95
2458,109.99
2459,19.35
2460,22.99
2461,29.95
2462,60.64
2463,123.56
2464,17.03
2465,37.68
2466,15.95
2467,19.0
2468,5.95
2469,9.34
2470,11.01
2471,143.28
2472,28.95
2473,3.0
2474,31.95
2475,35.95
2476,34.2
2477,19.95
2478,25.95
2479,8.39
2480,71.0
2481,37.5
2482,33.4
2483,14.45
2484,13.99
2485,66.83
2486,29.36
2487,64.95
2488,18.15
2489,18.93
2490,14.95
2491,18.4
2492,4.39
2493,13.86
2494,15.0
2495,227.76
2496,22.95
2497,5.99
2498,16.13
2499,6.29
2500,23.95
2501,17.73
2502,26.0
2503,5.95
2504,12.95
2505,20.81
2506,125.0
2507,5.39
2508,15.3
2509,35.65
2510,16.44
2511,27.0
2512,24.95
2513,9.95
2514,12.95
2515,72.32
2516,18.0
2517,14.4
2518,72.12
2519,56.75
2520,26.81
2521,13.99
2522,12.86
2523,24.77
2524,14.0
2525,200.0
2526,164.0
2527,9.41
2528,29.85
2529,30.8
2530,39.99
2531,30.95
2532,14.95
2533,16.5
2534,8.2
2535,16.95
2536,138.7
2537,32.95
2538,10.85
2539,8.79
2540,11.04
2541,24.95
2542,11.99
2543,29.6
2544,14.95
2545,17.95
2546,125.79
2547,63.0
2548,11.66
2549,17.5
2550,3.59
2551,10.92
2552,19.95
2553,8.0
2554,3.6
2555,23.18
2556,141.95
2557,28.95
2558,5.4
2559,13.3
2560,18.0
2561,84.95
2562,141.61
2563,16.95
2564,46.43
2565,12.0
2566,119.95
2567,26.0
2568,112.94
2569,12.95
2570,43.95
2571,29.95
2572,17.15
2573,18.96
2574,8.95
2575,29.95
2576,136.31
2577,79.41
2578,12.44
2579,37.33
2580,26.0
2581,5.0
2582,25.8
2583,132.78
2584,4.45
2585,6.79
2586,29.95
2587,45.0
2588,49.06
2589,24.87
2590,31.95
2591,58.76
2592,14.49
2593,17.12
2594,112.95
2595,24.95
2596,27.83
2597,282.6
2598,19.95
2599,15.99
2600,97.04
2601,10.99
2602,20.72
2603,12.43
2604,27.95
2605,12.98
2606,40.15
2607,21.0
2608,29.95
2609,11.1
2610,21.95
2611,41.28
2612,27.5
2613,10.99
2614,113.0
2615,63.78
2616,6.95
2617,5.0
2618,13.95
2619,13.67
2620,5.95
2621,10.86
2622,11.51
2623,12.78
2624,159.11
2625,13.95
2626,15.29
2627,22.75
2628,137.0
2629,65.35
2630,12.99
2631,35.0
2632,60.0
2633,46.95
2634,16.95
2635,39.95
2636,25.17
2637,116.45
2638,12.89
2639,11.19
2640,75.0
2641,11.5
2642,37.25
2643,122.95
2644,17.02
2645,14.95
2646,25.27
2647,12.95
2648,21.95
2649,15.0
2650,14.0
2651,12.95
2652,34.95
2653,25.0
2654,12.99
2655,3.2
2656,6.39
2657,18.18
2658,100.74
2659,18.99
2660,14.0
2661,10.36
2662,30.89
2663,19.13
2664,24.95
2665,29.85
2666,21.3
2667,45.16
2668,12.56
2669,14.5
2670,16.61
2671,4.95
2672,14.95
2673,16.49
2674,16.47
2675,28.0
2676,120.39
2677,8.72
2678,10.13
2679,17.95
2680,7.95
2681,11.73
2682,25.24
2683,45.0
2684,27.5
2685,55.0
2686,12.99
2687,12.41
2688,11.66
2689,14.95
2690,21.31
2691,7.99
2692,12.41
2693,18.95
2694,9.95
2695,20.65
2696,33.5
2697,17.15
2698,6.95
2699,13.01
2700,13.25
2701,87.46
2702,4.4
2703,17.5
2704,5.18
2705,24.95
2706,53.38
2707,18.95
2708,11.21
2709,22.41
2710,88.42
2711,24.78
2712,14.95
2713,114.75
2714,6.99
2715,37.62
2716,29.95
2717,40.0
2718,12.89
2719,14.0
2720,14.95
2721,5.18
2722,18.01
2723,16.95
2724,27.51
2725,9.59
2726,42.26
2727,108.87
2728,15.95
2729,11.96
2730,85.5
2731,5.2
2732,18.96
2733,14.95
2734,28.22
2735,17.0
2736,3.0
2737,12.89
2738,41.95
2739,9.06
2740,35.71
2741,22.76
2742,14.96
2743,19.72
2744,57.5
2745,163.0
2746,130.0
2747,65.0
2748,11.95
2749,7.99
2750,3.0
2751,12.95
2752,16.0
2753,15.99
2754,12.05
2755,37.96
2756,23.95
2757,17.6
2758,107.25
2759,15.56
2760,24.23
2761,26.95
2762,11.9
2763,3.6
2764,17.99
2765,11.66
2766,269.0
2767,42.0
2768,127.0
2769,52.5
2770,12.89
2771,8.99
2772,36.5
2773,26.95
2774,24.0
2775,15.0
2776,11.5
2777,12.82
2778,12.5
2779,150.18
2780,208.0
2781,64.0
2782,45.0
2783,9.95
2784,124.0
2785,28.95
2786,12.74
2787,26.56
2788,12.99
2789,49.99
2790,5.59
2791,68.95
2792,20.95
2793,24.0
2794,19.99
2795,9.99
2796,11.88
2797,40.0
2798,3.1
2799,8.95
2800,12.0
2801,49.49
2802,8.54
2803,11.78
2804,54.75
2805,24.95
2806,4.8
2807,14.95
2808,37.64
2809,124.95
2810,22.95
2811,12.99
2812,12.95
2813,3.2
2814,2.25
2815,4.95
2816,20.99
2817,45.0
2818,24.0
2819,5.6
2820,45.0
2821,26.95
2822,46.0
2823,24.99
2824,26.49
2825,12.99
2826,12.89
2827,6.0
2828,16.95
2829,59.0
2830,21.95
2831,49.95
2832,36.95
2833,25.0
2834,14.69
2835,109.5
2836,53.52
2837,14.63
2838,13.5
2839,48.26
2840,121.87
2841,10.38
2842,3.6
2843,12.95
2844,12.48
2845,16.67
2846,10.94
2847,4.8
2848,55.95
2849,19.95
2850,15.95
2851,119.44
2852,13.57
2853,9.95
2854,15.84
2855,11.83
2856,18.59
2857,10.95
2858,35.95
2859,1.6
2860,14.96
2861,18.95
2862,16.47
2863,37.95
2864,66.56
2865,239.0
2866,19.95
2867,20.18
2868,15.0
2869,11.35
2870,40.15
2871,1.6
2872,39.95
2873,5.35
2874,15.99
2875,12.89
2876,29.95
2877,124.0
2878,36.5
2879,19.95
2880,46.0
2881,16.95
2882,5.58
2883,16.95
2884,1.39
2885,13.99
2886,33.53
2887,90.0
2888,46.41
2889,4.78
2890,32.95
2891,11.43
2892,9.39
2893,16.95
2894,13.99
2895,16.47
2896,119.49
2897,10.0
2898,35.0
2899,26.37
2900,122.8
2901,8.54
2902,24.57
2903,2.19
2904,51.95
2905,14.99
2906,14.59
2907,1.0
2908,64.41
2909,43.07
2910,16.99
2911,48.0
2912,39.95
2913,29.7
2914,19.95
2915,10.44
2916,34.95
2917,14.95
2918,8.2
2919,95.0
2920,9.95
2921,9.95
2922,21.95
2923,11.5
2924,25.26
2925,16.95
2926,111.43
2927,21.95
2928,39.95
2929,4.95
2930,24.99
2931,17.99
2932,18.95
2933,11.98
2934,61.0
2935,8.99
2936,29.95
2937,16.95
2938,11.64
2939,99.0
2940,13.96
2941,20.95
2942,10.98
2943,10.89
2944,9.99
2945,59.95
2946,28.95
2947,7.98
2948,18.95
2949,62.95
2950,13.5
2951,26.95
2952,31.95
2953,11.9
2954,10.26
2955,32.5
2956,108.18
2957,14.79
2958,21.95
2959,25.84
2960,16.93
2961,11.66
2962,15.91
2963,127.04
2964,8.75
2965,14.95
2966,15.26
2967,9.95
2968,35.0
2969,9.95
2970,14.95
2971,40.0
2972,10.19
2973,15.95
2974,14.0
2975,111.48
2976,16.95
2977,23.95
2978,40.0
2979,23.96
2980,10.16
2981,93.99
2982,14.92
2983,13.23
2984,15.95
2985,9.95
2986,11.9
2987,29.95
2988,52.0
2989,14.95
2990,15.5
2991,78.35
2992,8.25
2993,73.0
2994,6.75
2995,13.1
2996,60.0
2997,27.5
2998,52.5
2999,84.2
3000,30.04
3001,7.99
3002,17.19
3003,19.95
3004,35.75
3005,9.95
3006,14.96
3007,15.95
3008,24.95
3009,13.99
3010,62.99
3011,27.0
3012,22.95
3013,130.9
3014,23.47
3015,110.9
3016,13.57
3017,19.0
3018,26.37
3019,25.95
3020,18.95
3021,17.99
3022,13.03
3023,24.85
3024,10.4
3025,14.95
3026,42.09
3027,34.95
3028,14.95
3029,18.48
3030,133.28
3031,10.87
3032,16.95
3033,6.95
3034,32.99
3035,39.95
3036,24.95
3037,27.95
3038,16.95
3039,9.69
3040,24.95
3041,18.95
3042,21.95
3043,14.95
3044,109.95
3045,26.95
3046,5.95
3047,180.0
3048,235.95
3049,48.0
3050,36.31
3051,13.26
3052,13.46
3053,19.95
3054,27.95
3055,89.43
3056,12.99
3057,19.95
3058,75.0
3059,44.41
3060,29.99
3061,13.19
3062,127.07
3063,17.99
3064,17.95
3065,10.39
3066,12.81
3067,17.5
3068,22.95
3069,16.0
3070,17.9
3071,26.56
3072,20.95
3073,32.95
3074,19.95
3075,39.95
3076,18.95
3077,19.95
3078,52.5
3079,33.97
3080,13.86
3081,23.08
3082,16.36
3083,12.95
3084,3.95
3085,39.95
3086,10.91
3087,14.43
3088,18.96
3089,47.95
3090,28.95
3091,24.95
3092,16.95
3093,123.0
3094,27.95
3095,154.0
3096,9.39
3097,18.0
3098,12.95
3099,29.58
3100,14.95
3101,10.81
3102,31.63
3103,5.95
3104,51.95
3105,6.99
3106,14.93
3107,9.65
3108,175.0
3109,32.95
3110,14.95
3111,13.95
3112,17.46
3113,31.99
3114,14.95
3115,19.95
3116,10.99
3117,115.29
3118,64.57
3119,16.95
3120,39.95
3121,59.99
3122,14.95
3123,29.95
3124,18.99
3125,25.0
3126,33.8
3127,5.58
3128,14.66
3129,39.03
3130,1.35
3131,11.01
3132,11.15
3133,13.57
3134,59.95
3135,40.0
3136,170.0
3137,11.01
3138,29.95
3139,5.6
3140,9.95
3141,85.41
3142,12.39
3143,32.95
3144,25.83
3145,17.95
3146,23.5
3147,12.18
3148,7.99
3149,24.95
3150,34.0
3151,11.01
3152,30.0
3153,10.19
3154,16.0
3155,105.02
3156,127.0
3157,14.15
3158,20.95
3159,25.99
3160,21.75
3161,11.66
3162,37.96
3163,15.95
3164,14.26
3165,30.95
3166,13.79
3167,21.99
3168,14.56
3169,17.95
3170,34.99
3171,18.95
3172,23.95
3173,24.0
3174,59.99
3175,13.0
3176,24.95
3177,14.95
3178,26.95
3179,10.95
3180,7.57
3181,51.95
3182,65.0
3183,49.99
3184,10.88
3185,10.85
3186,21.82
3187,13.25
3188,159.0
3189,59.95
3190,39.99
3191,8.95
3192,26.61
3193,12.89
3194,22.0
3195,44.44
3196,19.8
3197,93.95
3198,47.0
3199,5.0
3200,12.71
3201,122.75
3202,29.95
3203,11.86
3204,13.57
3205,15.99
3206,14.78
3207,26.95
3208,22.95
3209,27.8
3210,39.43
3211,55.0
3212,141.41
3213,17.45
3214,12.0
3215,61.74
3216,5.95
3217,100.0
3218,14.03
3219,9.48
3220,7.95
3221,12.16
3222,12.95
3223,10.16
3224,95.0
3225,14.95
3226,16.0
3227,10.95
3228,7.99
3229,13.22
3230,39.95
3231,17.95
3232,20.0
3233,12.99
3234,17.99
3235,26.84
3236,94.95
3237,11.45
3238,19.95
3239,10.99
3240,10.0
3241,19.15
3242,15.95
3243,7.47
3244,19.0
3245,142.95
3246,35.0
3247,14.78
3248,45.0
3249,16.95
3250,9.28
3251,9.95
3252,22.95
3253,11.52
3254,22.95
3255,16.0
3256,11.69
3257,15.47
3258,6.99
3259,21.95
3260,10.85
3261,14.07
3262,39.79
3263,11.0
3264,44.44
3265,29.95
3266,25.95
3267,29.7
3268,10.42
3269,17.15
3270,10.85
3271,10.95
3272,15.78
3273,18.95
3274,92.63
3275,19.7
3276,9.55
3277,3.59
3278,23.15
3279,3.99
3280,12.47
3281,6.79
3282,51.1
3283,10.51
3284,14.95
3285,10.0
3286,14.5
3287,85.16
3288,20.59
3289,113.28
3290,30.4
3291,23.73
3292,17.97
3293,145.0
3294,23.1
3295,26.95
3296,39.95
3297,19.95
3298,28.0
3299,8.38
3300,200.6
3301,15.52
3302,12.37
3303,45.0
3304,7.95
3305,12.23
3306,73.07
3307,29.0
3308,6.91
3309,29.95
3310,36.95
3311,6.79
3312,12.21
3313,10.94
3314,39.95
3315,11.99
3316,16.95
3317,9.95
3318,213.75
3319,20.83
3320,8.0
3321,69.95
3322,17.95
3323,130.5
3324,16.95
3325,94.12
3326,30.36
3327,93.62
3328,53.55
3329,67.04
3330,14.74
3331,21.99
3332,21.79
3333,85.49
3334,54.95
3335,28.57
3336,394.88
3337,12.64
3338,22.95
3339,40.19
3340,10.95
3341,21.05
3342,41.18
3343,15.0
3344,6.39
3345,156.0
3346,9.99
3347,6.71
3348,13.68
3349,7.06
3350,18.95
3351,15.95
3352,17.15
3353,14.99
3354,14.95
3355,76.94
3356,14.95
3357,24.69
3358,26.95
3359,9.95
3360,14.95
3361,6.95
3362,56.0
3363,63.95
3364,94.04
3365,91.25
3366,29.0
3367,11.99
3368,53.19
3369,15.95
3370,152.65
3371,22.99
3372,6.99
3373,12.89
3374,49.95
3375,21.0
3376,15.99
3377,28.08
3378,4.8
3379,4.95
3380,9.95
3381,6.79
3382,14.95
3383,49.95
3384,48.68
3385,24.95
3386,79.5
3387,24.99
3388,15.79
3389,26.0
3390,7.02
3391,27.95
3392,22.95
3393,13.99
3394,23.0
3395,11.19
3396,35.65
3397,152.95
3398,15.99
3399,19.8
3400,7.95
3401,15.0
3402,46.95
3403,15.95
3404,5.95
3405,10.2
3406,85.0
3407,44.95
3408,106.4
3409,13.95
3410,15.0
3411,35.0
3412,19.95
3413,7.99
3414,17.15
3415,14.94
3416,77.87
3417,12.0
3418,12.89
3419,17.16
3420,14.99
3421,15.44
3422,22.95
3423,179.95
3424,29.5
3425,11.0
3426,14.92
3427,11.84
3428,47.25
3429,31.06
3430,18.0
3431,12.0
3432,24.95
3433,11.66
3434,88.0
3435,16.0
3436,59.95
3437,17.5
3438,15.95
3439,51.98
3440,35.0
3441,10.2
3442,69.95
3443,15.95
3444,12.68
3445,59.99
3446,97.46
3447,24.95
3448,12.99
3449,59.95
3450,20.0
3451,24.95
3452,55.95
3453,11.33
3454,209.0
3455,104.95
3456,9.95
3457,14.35
3458,65.0
3459,15.95
3460,16.95
3461,22.24
3462,7.99
3463,12.23
3464,14.75
3465,21.82
3466,19.95
3467,10.87
3468,9.99
3469,12.38
3470,132.0
3471,66.0
3472,63.32
3473,33.99
3474,10.36
3475,14.0
3476,9.95
3477,16.95
3478,12.59
3479,27.95
3480,38.83
3481,49.37
3482,11.55
3483,61.49
3484,7.95
3485,9.38
3486,89.95
3487,7.56
3488,8.95
3489,70.0
3490,28.5
3491,30.95
3492,24.53
3493,16.64
3494,38.26
3495,6.99
3496,16.47
3497,7.69
3498,10.95
3499,23.95
3500,181.96
3501,15.95
3502,22.5
3503,12.95
3504,22.31
3505,9.95
3506,26.0
3507,26.31
3508,18.24
3509,7.99
3510,24.11
3511,83.95
3512,37.95
3513,17.96
3514,24.95
3515,31.8
3516,11.89
3517,19.95
3518,27.9
3519,26.4
3520,31.61
3521,13.99
3522,11.01
3523,6.99
3524,42.95
3525,35.95
3526,20.9
3527,12.99
3528,11.95
3529,12.83
3530,12.95
3531,41.97
3532,11.95
3533,5.95
3534,101.99
3535,16.95
3536,17.95
3537,26.95
3538,18.26
3539,15.0
3540,85.0
3541,9.59
3542,282.28
3543,59.99
3544,9.31
3545,21.13
3546,107.73
3547,15.0
3548,24.95
3549,15.95
3550,125.0
3551,24.42
3552,29.95
3553,47.17
3554,4.99
3555,10.0
3556,15.63
3557,17.95
3558,16.95
3559,14.0
3560,16.99
3561,24.95
3562,128.45
3563,9.95
3564,14.95
3565,12.75
3566,15.0
3567,55.0
3568,14.95
3569,13.0
3570,33.19
3571,24.95
3572,92.4
3573,12.37
3574,20.0
3575,19.95
3576,102.87
3577,26.95
3578,24.95
3579,149.0
3580,3.99
3581,12.0
3582,34.95
3583,15.0
3584,24.95
3585,144.36
3586,96.78
3587,29.95
3588,134.0
3589,29.95
3590,8.95
3591,4.2
3592,9.88
3593,19.89
3594,270.95
3595,127.0
3596,20.5
3597,55.0
3598,7.99
3599,8.0
3600,11.04
3601,22.95
3602,20.8
3603,11.95
3604,10.17
3605,29.7
3606,18.95
3607,12.67
3608,9.69
3609,25.04
3610,9.95
3611,5.2
3612,10.8
3613,9.98
3614,17.95
3615,15.3
3616,10.17
3617,21.95
3618,29.0
3619,14.95
3620,18.95
3621,90.79
3622,27.95
3623,51.61
3624,13.47
3625,97.8
3626,14.0
3627,12.16
3628,15.61
3629,139.97
3630,14.96
3631,14.59
3632,15.95
3633,13.57
3634,16.95
3635,18.95
3636,27.95
3637,11.64
3638,10.27
3639,7.99
3640,25.5
3641,5.78
3642,26.12
3643,9.95
3644,13.95
3645,19.95
3646,9.69
3647,18.25
3648,21.21
3649,43.95
3650,16.5
3651,11.95
3652,58.36
3653,9.94
3654,7.99
3655,52.0
3656,29.16
3657,39.99
3658,49.45
3659,11.95
3660,56.45
3661,11.95
3662,75.0
3663,90.0
3664,5.95
3665,83.95
3666,9.99
3667,14.95
3668,9.43
3669,20.1
3670,19.95
3671,15.52
3672,13.56
3673,75.32
3674,86.95
3675,25.99
3676,26.48
3677,9.95
3678,7.95
3679,9.99
3680,27.09
3681,33.5
3682,7.99
3683,14.99
3684,17.95
3685,11.35
3686,8.79
3687,24.95
3688,18.95
3689,15.56
3690,24.95
3691,8.99
3692,41.04
3693,8.59
3694,15.95
3695,61.95
3696,40.52
3697,41.39
3698,10.95
3699,9.25
3700,126.64
3701,18.95
3702,10.95
3703,15.15
3704,7.99
3705,9.95
3706,12.53
3707,18.99
3708,9.42
3709,8.0
3710,16.99
3711,9.95
3712,29.95
3713,19.95
3714,16.0
3715,34.95
3716,50.0
3717,31.5
3718,3.99
3719,16.55
3720,109.95
3721,19.95
3722,115.5
3723,19.0
3724,60.16
3725,9.99
3726,39.5
3727,26.5
3728,19.77
3729,10.82
3730,25.27
3731,10.95
3732,27.17
3733,25.19
3734,6.25
3735,301.71
3736,29.8
3737,13.22
3738,20.95
3739,30.99
3740,14.59
3741,19.95
3742,75.5
3743,6.44
3744,65.95
3745,14.95
3746,6.79
3747,11.2
3748,12.95
3749,14.5
3750,19.5
3751,39.03
3752,9.95
3753,26.95
3754,13.99
3755,11.86
3756,17.0
3757,12.21
3758,32.97
3759,38.8
3760,29.65
3761,11.81
3762,43.49
3763,12.99
3764,10.99
3765,11.04
3766,28.06
3767,39.95
3768,24.99
3769,82.95
3770,27.65
3771,17.0
3772,29.95
3773,12.95
3774,49.0
3775,14.96
3776,9.82
3777,11.96
3778,62.0
3779,19.67
3780,30.99
3781,27.95
3782,9.99
3783,55.59
3784,16.95
3785,2.96
3786,57.0
3787,32.95
3788,17.95
3789,59.5
3790,12.95
3791,14.72
3792,14.1
3793,34.05
3794,51.36
3795,16.5
3796,14.56
3797,33.15
3798,14.5
3799,16.0
3800,27.32
3801,199.0
3802,10.99
3803,11.53
3804,16.95
3805,11.0
3806,14.95
3807,13.95
3808,10.2
3809,18.95
3810,15.75
3811,42.01
3812,33.13
3813,14.0
3814,11.0
3815,16.0
3816,11.25
3817,81.63
3818,16.95
3819,11.53
3820,7.19
3821,12.67
3822,11.9
3823,85.49
3824,17.5
3825,26.95
3826,8.99
3827,6.99
3828,29.95
3829,10.16
3830,14.99
3831,43.79
3832,154.22
3833,17.21
3834,11.95
3835,24.95
3836,13.95
3837,20.0
3838,9.58
3839,109.12
3840,22.79
3841,28.75
3842,5.99
3843,13.95
3844,16.72
3845,14.99
3846,38.45
3847,29.0
3848,22.09
3849,14.48
3850,16.95
3851,15.95
3852,25.0
3853,11.75
3854,22.72
3855,9.0
3856,106.95
3857,9.31
3858,30.95
3859,19.0
3860,51.11
3861,12.99
3862,20.0
3863,9.0
3864,5.95
3865,12.79
3866,10.16
3867,7.95
3868,24.95
3869,30.12
3870,14.78
3871,22.95
3872,22.95
3873,11.95
3874,16.95
3875,16.66
3876,12.99
3877,18.52
3878,12.71
3879,30.02
3880,12.3
3881,12.58
3882,10.96
3883,35.0
3884,7.99
3885,30.95
3886,12.0
3887,5.47
3888,11.9
3889,11.01
3890,10.19
3891,18.95
3892,9.95
3893,12.95
3894,12.89
3895,13.79
3896,9.0
3897,5.99
3898,3.9
3899,5.99
3900,15.99
3901,14.95
3902,39.99
3903,17.95
3904,26.95
3905,162.24
3906,62.99
3907,11.99
3908,11.69
3909,11.95
3910,20.79
3911,11.99
3912,20.95
3913,22.95
3914,18.67
3915,10.95
3916,130.99
3917,35.95
3918,14.95
3919,10.17
3920,14.37
3921,14.95
3922,13.0
3923,139.95
3924,13.19
3925,19.95
3926,55.95
3927,7.99
3928,11.16
3929,10.99
3930,9.95
3931,72.5
3932,28.95
3933,11.04
3934,15.61
3935,46.0
3936,239.0
3937,66.0
3938,49.99
3939,10.98
3940,51.06
3941,18.95
3942,56.99
3943,16.95
3944,51.16
3945,10.88
3946,18.95
3947,14.55
3948,359.42
3949,12.74
3950,24.95
3951,89.0
3952,5.95
3953,10.99
3954,17.95
3955,39.95
3956,2.99
3957,13.5
3958,11.66
3959,19.95
3960,74.19
3961,15.0
3962,43.95
3963,6.97
3964,7.99
3965,22.8
3966,36.45
3967,22.95
3968,7.15
3969,22.95
3970,25.31
3971,8.95
3972,14.95
3973,39.95
3974,61.17
3975,15.19
3976,10.78
3977,12.75
3978,44.25
3979,21.95
3980,16.32
3981,69.95
3982,9.95
3983,17.98
3984,23.13
3985,39.5
3986,15.95
3987,7.56
3988,9.38
3989,51.1
3990,105.4
3991,20.0
3992,15.56
3993,13.26
3994,16.98
3995,27.36
3996,16.23
3997,29.95
3998,15.5
3999,18.45
4000,3.95
4001,57.94
4002,14.95
4003,11.72
4004,21.36
4005,7.99
4006,24.15
4007,42.94
4008,39.95
4009,35.6
4010,17.23
4011,26.24
4012,1.88
4013,21.99
4014,35.0
4015,6.99
4016,25.65
4017,20.86
4018,11.95
4019,79.95
4020,135.95
4021,35.0
4022,30.0
4023,105.73
4024,14.0
4025,7.99
4026,19.95
4027,61.71
4028,12.44
4029,8.44
4030,5.99
4031,22.0
4032,20.95
4033,10.31
4034,28.21
4035,13.95
4036,37.96
4037,11.66
4038,14.81
4039,22.95
4040,29.95
4041,75.0
4042,13.99
4043,14.83
4044,72.27
4045,18.96
4046,32.64
4047,23.07
4048,111.17
4049,14.95
4050,10.16
4051,18.68
4052,12.99
4053,128.92
4054,15.59
4055,19.96
4056,52.25
4057,21.86
4058,12.99
4059,25.0
4060,18.96
4061,16.49
4062,12.99
4063,16.63
4064,21.93
4065,106.0
4066,35.0
4067,20.2
4068,13.25
4069,15.0
4070,42.29
4071,14.95
4072,14.95
4073,9.52
4074,50.52
4075,12.95
4076,10.9
4077,13.0
4078,18.96
4079,6.99
4080,25.71
4081,10.31
4082,14.99
4083,9.56
4084,19.0
4085,98.95
4086,17.5
4087,19.0
4088,113.0
4089,9.59
4090,14.95
4091,14.68
4092,15.95
4093,9.99
4094,35.0
4095,95.0
4096,15.56
4097,41.46
4098,34.95
4099,12.0
4100,14.95
4101,8.0
4102,7.5
4103,8.19
4104,17.41
4105,17.64
4106,133.0
4107,29.95
4108,26.37
4109,19.17
4110,18.96
4111,16.95
4112,11.01
4113,11.89
4114,69.95
4115,6.99
4116,34.95
4117,11.99
4118,14.95
4119,105.0
4120,18.43
4121,25.0
4122,22.95
4123,34.95
4124,7.86
4125,5.99
4126,110.0
4127,10.36
4128,8.59
4129,27.2
4130,79.0
4131,14.95
4132,13.22
4133,8.79
4134,79.95
4135,57.0
4136,40.67
4137,30.89
4138,13.57
4139,12.63
4140,29.95
4141,14.95
4142,15.56
4143,56.95
4144,14.58
4145,119.95
4146,15.95
4147,9.14
4148,130.0
4149,15.12
4150,11.95
4151,18.0
4152,9.13
4153,14.95
4154,191.05
4155,15.95
4156,10.0
4157,42.21
4158,26.25
4159,8.19
4160,7.99
4161,15.0
4162,14.03
4163,27.0
4164,22.95
4165,67.74
4166,24.05
4167,29.95
4168,2.5
4169,62.01
4170,19.0
4171,26.56
4172,39.59
4173,16.25
4174,37.0
4175,10.19
4176,11.86
4177,58.0
4178,12.15
4179,359.95
4180,27.95
4181,4.7
4182,23.95
4183,53.0
4184,13.22
4185,319.0
4186,29.95
4187,16.95
4188,7.99
4189,5.39
4190,18.95
4191,16.0
4192,8.95
4193,19.95
4194,17.14
4195,7.99
4196,31.63
4197,59.95
4198,19.99
4199,15.13
4200,12.95
4201,24.95
4202,44.95
4203,20.99
4204,11.2
4205,25.0
4206,14.95
4207,4.95
4208,34.99
4209,3.8
4210,8.0
4211,11.56
4212,12.95
4213,19.99
4214,12.72
4215,19.95
4216,17.02
4217,9.34
4218,26.59
4219,55.0
4220,10.0
4221,9.95
4222,13.95
4223,34.65
4224,40.0
4225,15.12
4226,12.36
4227,10.95
4228,17.95
4229,14.98
4230,170.0
4231,9.99
4232,180.0
4233,37.95
4234,11.69
4235,12.95
4236,9.99
4237,62.95
4238,25.7
4239,10.2
4240,5.99
4241,12.13
4242,12.47
4243,66.0
4244,14.85
4245,27.99
4246,73.5
4247,10.88
4248,6.1
4249,89.0
4250,57.95
4251,29.95
4252,34.21
4253,29.95
4254,15.95
4255,11.68
4256,28.99
4257,25.0
4258,5.95
4259,15.19
4260,10.36
4261,16.95
4262,60.52
4263,32.0
4264,13.57
4265,8.95
4266,12.74
4267,13.95
4268,14.95
4269,127.0
4270,5.5
4271,20.5
4272,87.0
4273,7.27
4274,44.9
4275,45.0
4276,7.99
4277,28.4
4278,32.95
4279,20.0
4280,13.1
4281,16.95
4282,11.25
4283,18.95
4284,49.95
4285,20.01
4286,43.76
4287,10.36
4288,59.95
4289,11.16
4290,1.99
4291,36.95
4292,9.99
4293,9.95
4294,10.99
4295,42.75
4296,5.0
4297,14.95
4298,19.77
4299,11.01
4300,16.23
4301,17.82
4302,39.74
4303,1.09
4304,14.66
4305,23.95
4306,6.79
4307,28.89
4308,30.0
4309,16.44
4310,23.2
4311,1.89
4312,47.95
4313,1.69
4314,11.19
4315,11.01
4316,19.95
4317,14.95
4318,11.97
4319,74.0
4320,1.99
4321,44.95
4322,115.0
4323,6.5
4324,17.1
4325,10.95
4326,11.66
4327,12.63
4328,11.15
4329,11.68
4330,18.47
4331,13.45
4332,3.99
4333,25.99
4334,25.34
4335,45.61
4336,3.38
4337,7.95
4338,1.99
4339,4.49
4340,9.95
4341,35.95
4342,14.95
4343,23.95
4344,11.95
4345,26.9
4346,19.77
4347,35.35
4348,19.95
4349,8.95
4350,18.95
4351,18.95
4352,25.04
4353,13.95
4354,12.95
4355,27.69
4356,11.55
4357,26.59
4358,69.95
4359,49.95
4360,13.57
4361,72.0
4362,6.99
4363,8.99
4364,1.09
4365,249.95
4366,39.95
4367,83.59
4368,11.66
4369,19.95
4370,11.95
4371,20.93
4372,11.66
4373,12.95
4374,13.0
4375,53.38
4376,19.28
4377,5.0
4378,15.0
4379,15.56
4380,27.5
4381,13.99
4382,14.95
4383,65.0
4384,11.32
4385,45.45
4386,39.95
4387,60.0
4388,11.55
4389,12.18
4390,19.95
4391,2.19
4392,109.12
4393,59.23
4394,17.02
4395,23.91
4396,14.63
4397,13.57
4398,53.97
4399,15.25
4400,5.95
4401,1.69
4402,19.0
4403,14.95
4404,21.65
4405,1.99
4406,10.87
4407,14.51
4408,25.95
4409,12.21
4410,12.21
4411,21.95
4412,30.36
4413,20.0
4414,8.99
4415,80.71
4416,13.95
4417,5.0
4418,13.99
4419,14.95
4420,7.95
4421,11.95
4422,29.95
4423,4.49
4424,19.95
4425,9.95
4426,6.99
4427,11.53
4428,30.36
4429,29.95
4430,22.95
4431,13.95
4432,40.0
4433,11.21
4434,29.0
4435,14.95
4436,23.99
4437,43.61
4438,9.79
4439,49.95
4440,13.95
4441,92.0
4442,21.93
4443,14.95
4444,14.95
4445,17.44
4446,21.95
4447,24.0
4448,39.95
4449,29.95
4450,10.56
4451,114.0
4452,12.95
4453,6.99
4454,41.8
4455,11.53
4456,10.95
4457,15.56
4458,121.0
4459,16.55
4460,18.96
4461,5.0
4462,12.0
4463,7.89
4464,13.44
4465,15.95
4466,125.8
4467,16.95
4468,13.95
4469,62.5
4470,16.95
4471,13.13
4472,12.0
4473,27.93
4474,17.12
4475,27.5
4476,11.15
4477,15.56
4478,21.04
4479,10.2
4480,33.15
4481,22.95
4482,12.95
4483,37.78
4484,14.95
4485,2.8
4486,10.49
4487,3.02
4488,95.0
4489,9.95
4490,24.95
4491,59.95
4492,12.42
4493,7.71
4494,238.87
4495,14.95
4496,6.99
4497,64.47
4498,40.0
4499,11.04
4500,4.49
4501,7.56
4502,25.95
4503,24.62
4504,21.95
4505,22.74
4506,34.95
4507,8.0
4508,25.83
4509,11.69
4510,24.99
4511,95.56
4512,8.05
4513,16.95
4514,41.49
4515,8.0
4516,16.0
4517,17.19
4518,11.36
4519,42.0
4520,38.0
4521,13.57
4522,42.0
4523,15.95
4524,3.9
4525,23.0
4526,39.95
4527,6.99
4528,10.95
4529,26.92
4530,55.0
4531,15.95
4532,4.39
4533,39.95
4534,15.95
4535,25.0
4536,39.95
4537,50.0
4538,14.95
4539,67.19
4540,13.51
4541,13.79
4542,17.48
4543,20.0
4544,12.95
4545,17.59
4546,16.29
4547,95.0
4548,7.99
4549,26.42
4550,20.0
4551,29.95
4552,19.95
4553,29.47
4554,15.0
4555,9.86
4556,30.0
4557,13.75
4558,19.8
4559,37.37
4560,29.95
4561,24.68
4562,32.95
4563,7.54
4564,4.49
4565,5.95
4566,14.95
4567,220.0
4568,11.9
4569,12.74
4570,11.21
4571,25.0
4572,10.59
4573,44.95
4574,22.22
4575,165.0
4576,26.95
4577,11.96
4578,20.7
4579,22.0
4580,10.99
4581,27.95
4582,19.95
4583,19.35
4584,20.4
4585,7.76
4586,44.73
4587,24.95
4588,20.03
4589,9.99
4590,4.95
4591,12.0
4592,9.95
4593,78.5
4594,65.0
4595,19.82
4596,9.95
4597,19.95
4598,12.95
4599,9.95
4600,14.96
4601,14.88
4602,5.99
4603,25.95
4604,9.95
4605,141.0
4606,22.0
4607,10.87
4608,12.52
4609,8.0
4610,14.99
4611,11.64
4612,14.74
4613,10.53
4614,4.1
4615,9.95
4616,12.95
4617,13.49
4618,4.16
4619,21.39
4620,59.07
4621,35.0
4622,27.0
4623,39.99
4624,49.2
4625,14.0
4626,8.38
4627,34.95
4628,40.0
4629,15.0
4630,14.21
4631,11.66
4632,16.98
4633,5.0
4634,17.5
4635,13.95
4636,16.0
4637,210.0
4638,13.95
4639,3.95
4640,16.8
4641,7.99
4642,74.95
4643,25.04
4644,11.95
4645,14.95
4646,4.39
4647,10.91
4648,2.12
4649,34.0
4650,28.5
4651,6.95
4652,14.95
4653,16.95
4654,5.99
4655,1.69
4656,12.58
4657,29.95
4658,14.0
4659,19.99
4660,3.59
4661,15.0
4662,62.95
4663,7.74
4664,12.0
4665,13.75
4666,26.56
4667,1.09
4668,19.95
4669,27.63
4670,23.52
4671,9.95
4672,1.89
4673,33.46
4674,12.95
4675,13.0
4676,21.99
4677,24.95
4678,44.63
4679,6.99
4680,14.95
4681,24.95
4682,10.2
4683,13.0
4684,7.99
4685,14.95
4686,15.99
4687,17.95
4688,4.6
4689,11.69
4690,4.5
4691,14.95
4692,37.5
4693,18.95
4694,185.0
4695,68.94
4696,26.12
4697,19.95
4698,1.99
4699,19.77
4700,30.0
4701,1.69
4702,71.46
4703,34.99
4704,14.66
4705,11.64
4706,16.47
4707,1.69
4708,13.99
4709,40.0
4710,32.0
4711,18.96
4712,59.95
4713,20.0
4714,8.75
4715,82.81
4716,28.5
4717,33.49
4718,12.95
4719,75.0
4720,14.07
4721,60.0
4722,17.15
4723,74.0
4724,24.95
4725,39.46
4726,11.86
4727,1.19
4728,19.39
4729,19.95
4730,37.96
4731,28.95
4732,11.86
4733,86.09
4734,68.31
4735,13.59
4736,37.62
4737,51.95
4738,2.19
4739,6.25
4740,12.95
4741,4.99
4742,29.95
4743,9.95
4744,16.05
4745,3.4
4746,11.99
4747,120.66
4748,1.79
4749,17.95
4750,30.99
4751,18.95
4752,12.0
4753,49.52
4754,19.99
4755,9.79
4756,1.99
4757,13.99
4758,13.57
4759,12.95
4760,44.95
4761,9.58
4762,3.39
4763,17.12
4764,1.49
4765,14.95
4766,10.91
4767,65.0
4768,10.83
4769,47.25
4770,26.0
4771,13.95
4772,12.95
4773,26.95
4774,7.95
4775,16.28
4776,3.96
4777,21.99
4778,26.84
4779,63.52
4780,2.49
4781,18.96
4782,4.99
4783,29.95
4784,23.85
4785,15.0
4786,17.58
4787,55.93
4788,19.99
4789,94.45
4790,9.95
4791,3.81
4792,13.69
4793,62.98
4794,36.45
4795,23.19
4796,42.5
4797,75.0
4798,39.95
4799,1.99
4800,6.99
4801,89.0
4802,11.98
4803,48.0
4804,2.59
4805,6.99
4806,11.01
4807,25.5
4808,11.66
4809,17.93
4810,16.95
4811,24.0
4812,3.99
4813,22.03
4814,61.32
4815,130.0
4816,8.61
4817,17.15
4818,11.74
4819,19.95
4820,76.95
4821,28.45
4822,10.99
4823,19.3
4824,8.95
4825,15.49
4826,11.69
4827,15.95
4828,9.65
4829,1.99
4830,34.95
4831,19.99
4832,23.0
4833,13.19
4834,6.99
4835,22.8
4836,84.95
4837,10.31
4838,214.3
4839,75.0
4840,12.44
4841,15.95
4842,12.71
4843,57.99
4844,11.01
4845,14.95
4846,26.66
4847,16.22
4848,5.99
4849,35.0
4850,19.95
4851,10.95
4852,1.79
4853,181.04
4854,29.95
4855,12.95
4856,25.33
4857,5.57
4858,27.17
4859,19.95
4860,3.97
4861,19.95
4862,18.0
4863,128.29
4864,19.95
4865,16.42
4866,68.85
4867,14.95
4868,202.03
4869,6.83
4870,19.95
4871,10.26
4872,1.89
4873,85.0
4874,14.95
4875,36.0
4876,101.48
4877,12.44
4878,19.95
4879,92.18
4880,2.19
4881,2.19
4882,9.65
4883,21.09
4884,62.95
4885,18.96
4886,34.99
4887,18.95
4888,14.0
4889,29.95
4890,37.96
4891,14.95
4892,1.69
4893,9.99
4894,19.95
4895,31.95
4896,14.95
4897,3.7
4898,43.07
4899,13.95
4900,22.95
4901,10.2
4902,85.56
4903,17.95
4904,66.95
4905,1.99
4906,45.0
4907,26.6
4908,11.99
4909,3.97
4910,16.5
4911,11.21
4912,12.54
4913,15.0
4914,28.0
4915,14.95
4916,54.5
4917,36.95
4918,50.7
4919,14.95
4920,58.75
4921,15.95
4922,1.99
4923,34.95
4924,19.74
4925,11.04
4926,10.88
4927,16.95
4928,72.82
4929,12.44
4930,1.89
4931,17.99
4932,31.97
4933,1.29
4934,29.95
4935,23.2
4936,14.95
4937,29.95
4938,14.11
4939,12.95
4940,133.72
4941,13.22
4942,1.09
4943,41.75
4944,11.95
4945,5.95
4946,90.0
4947,4.5
4948,14.95
4949,21.95
4950,15.56
4951,14.99
4952,6.99
4953,14.5
4954,1.09
4955,21.21
4956,16.95
4957,140.0
4958,35.0
4959,6.5
4960,14.95
4961,11.53
4962,14.95
4963,20.0
4964,1.99
4965,12.78
4966,17.99
4967,17.95
4968,11.66
4969,8.95
4970,20.09
4971,26.95
4972,20.39
4973,18.0
4974,39.95
4975,10.99
4976,21.6
4977,9.95
4978,49.95
4979,3.39
4980,25.95
4981,11.76
4982,13.09
4983,6.44
4984,14.95
4985,3.85
4986,18.96
4987,1.89
4988,25.95
4989,11.15
4990,16.95
4991,11.85
4992,29.95
4993,21.0
4994,15.99
4995,24.95
4996,20.1
4997,1.09
4998,130.95
4999,34.0
5000,16.95
5001,15.6
5002,8.95
5003,29.95
5004,11.73
5005,18.74
5006,23.63
5007,14.99
5008,11.66
5009,50.0
5010,11.01
5011,29.99
5012,22.5
5013,16.95
5014,20.0
5015,1.09
5016,19.95
5017,17.79
5018,29.95
5019,18.95
5020,10.19
5021,20.2
5022,38.95
5023,22.69
5024,9.95
5025,13.95
5026,29.95
5027,53.24
5028,14.95
5029,38.5
5030,39.95
5031,36.71
5032,11.01
5033,1.99
5034,7.59
5035,37.95
5036,34.95
5037,1.59
5038,13.5
5039,69.0
5040,13.95
5041,15.81
5042,7.99
5043,22.46
5044,13.22
5045,8.32
5046,13.28
5047,7.99
5048,11.68
5049,22.5
5050,27.5
5051,4.99
5052,15.95
5053,21.99
5054,32.5
5055,74.95
5056,3.0
5057,1.69
5058,6.99
5059,12.63
5060,17.96
5061,14.95
5062,137.24
5063,129.22
5064,23.36
5065,36.84
5066,8.05
5067,14.95
5068,47.41
5069,29.95
5070,11.55
5071,37.5
5072,1.69
5073,13.22
5074,13.59
5075,9.95
5076,13.29
5077,13.22
5078,4.99
5079,605.0
5080,150.0
5081,18.56
5082,9.31
5083,21.95
5084,8.59
5085,21.32
5086,9.95
5087,16.43
5088,20.4
5089,27.9
5090,14.95
5091,39.0
5092,25.95
5093,2.19
5094,10.95
5095,1.69
5096,19.95
5097,21.95
5098,8.95
5099,45.0
5100,16.5
5101,17.95
5102,8.76
5103,43.61
5104,30.99
5105,14.99
5106,49.95
5107,7.99
5108,12.97
5109,34.95
5110,29.6
5111,35.64
5112,15.95
5113,11.26
5114,19.95
5115,5.18
5116,30.0
5117,2.49
5118,14.21
5119,16.39
5120,3.99
5121,11.66
5122,19.34
5123,11.99
5124,29.42
5125,1.09
5126,11.95
5127,31.38
5128,9.92
5129,18.0
5130,71.58
5131,1.89
5132,118.0
5133,10.91
5134,14.41
5135,14.79
5136,29.95
5137,34.95
5138,44.95
5139,24.95
5140,7.99
5141,8.0
5142,49.95
5143,9.95
5144,7.99
5145,6.16
5146,10.88
5147,32.99
5148,39.95
5149,12.0
5150,2.19
5151,11.64
5152,10.99
5153,24.95
5154,17.16
5155,12.08
5156,14.95
5157,9.97
5158,43.19
5159,14.96
5160,146.95
5161,21.95
5162,19.99
5163,117.45
5164,13.19
5165,15.0
5166,13.0
5167,10.2
5168,20.0
5169,7.99
5170,45.0
5171,18.9
5172,2.19
5173,15.95
5174,24.95
5175,80.0
5176,13.13
5177,19.95
5178,28.75
5179,41.97
5180,15.95
5181,25.95
5182,126.95
5183,50.48
5184,56.0
5185,16.0
5186,21.0
5187,75.79
5188,29.6
5189,19.95
5190,29.7
5191,22.0
5192,212.27
5193,7.79
5194,172.95
5195,18.96
5196,16.99
5197,24.43
5198,12.95
5199,6.14
5200,11.96
5201,13.85
5202,17.99
5203,42.0
5204,9.95
5205,5.95
5206,25.95
5207,124.99
5208,13.99
5209,6.0
5210,20.48
5211,97.03
5212,10.2
5213,24.95
5214,14.95
5215,27.95
5216,16.42
5217,150.0
5218,13.25
5219,83.14
5220,140.05
5221,70.27
5222,38.0
5223,27.6
5224,16.31
5225,26.39
5226,9.0
5227,5.95
5228,48.7
5229,49.95
5230,12.99
5231,18.99
5232,11.55
5233,24.95
5234,150.0
5235,139.5
5236,18.95
5237,9.77
5238,15.0
5239,22.05
5240,25.95
5241,26.0
5242,10.36
5243,9.95
5244,10.17
5245,15.59
5246,10.0
5247,8.95
5248,12.95
5249,7.99
5250,11.23
5251,13.44
5252,45.0
5253,10.76
5254,16.0
5255,55.95
5256,9.95
5257,9.85
5258,59.0
5259,16.47
5260,22.0
5261,3.42
5262,12.99
5263,18.0
5264,51.86
5265,25.95
5266,140.0
5267,17.0
5268,15.0
5269,10.97
5270,21.29
5271,13.25
5272,39.95
5273,100.0
5274,15.75
5275,12.0
5276,9.95
5277,121.0
5278,27.95
5279,15.6
5280,13.95
5281,131.95
5282,39.95
5283,22.65
5284,26.51
5285,12.0
5286,29.95
5287,12.61
5288,11.96
5289,13.0
5290,10.19
5291,45.0
5292,11.01
5293,15.95
5294,9.95
5295,49.99
5296,122.0
5297,17.15
5298,12.95
5299,31.0
5300,19.95
5301,62.62
5302,15.6
5303,31.99
5304,18.16
5305,1.35
5306,23.0
5307,7.99
5308,173.0
5309,25.95
5310,24.0
5311,41.17
5312,66.95
5313,30.45
5314,43.58
5315,12.58
5316,19.95
5317,19.5
5318,11.95
5319,10.66
5320,9.94
5321,15.56
5322,14.95
5323,14.88
5324,9.94
5325,39.99
5326,15.64
5327,31.28
5328,19.99
5329,9.17
5330,9.95
5331,20.95
5332,19.95
5333,13.06
5334,27.0
5335,11.95
5336,32.64
5337,22.95
5338,5.99
5339,30.99
5340,16.3
5341,29.99
5342,10.4
5343,13.99
5344,85.0
5345,21.32
5346,40.05
5347,16.14
5348,27.34
5349,87.95
5350,33.75
5351,14.6
5352,79.0
5353,16.99
5354,5.95
5355,19.95
5356,10.2
5357,19.43
5358,27.9
5359,10.2
5360,12.23
5361,14.95
5362,35.03
5363,10.25
5364,11.95
5365,3.95
5366,6.5
5367,17.99
5368,73.95
5369,17.79
5370,13.98
5371,34.16
5372,31.49
5373,22.0
5374,10.17
5375,9.95
5376,7.95
5377,45.0
5378,32.61
5379,58.0
5380,6.5
5381,34.95
5382,38.35
5383,14.17
5384,16.0
5385,36.49
5386,27.5
5387,46.72
5388,56.95
5389,16.95
5390,6.5
5391,22.95
5392,22.8
5393,5.95
5394,23.95
5395,6.8
5396,30.97
5397,29.0
5398,26.5
5399,90.32
5400,7.99
5401,99.0
5402,11.98
5403,10.95
5404,19.95
5405,14.95
5406,32.81
5407,27.99
5408,26.99
5409,21.95
5410,16.95
5411,16.0
5412,21.0
5413,49.0
5414,10.19
5415,31.99
5416,8.09
5417,7.99
5418,5.95
5419,13.99
5420,18.3
5421,17.95
5422,15.95
5423,10.08
5424,8.98
5425,39.95
5426,10.91
5427,11.99
5428,14.99
5429,9.19
5430,21.8
5431,13.54
5432,8.95
5433,22.76
5434,11.86
5435,11.68
5436,8.99
5437,15.54
5438,67.34
5439,19.95
5440,16.95
5441,11.69
5442,14.95
5443,74.46
5444,22.95
5445,21.0
5446,10.95
5447,15.19
5448,16.46
5449,35.95
5450,44.95
5451,19.77
5452,10.98
5453,25.95
5454,9.94
5455,49.79
5456,9.89
5457,19.95
5458,29.95
5459,97.49
5460,17.03
5461,8.0
5462,38.0
5463,19.95
5464,29.76
5465,15.56
5466,17.95
5467,11.64
5468,5.2
5469,80.0
5470,8.0
5471,34.95
5472,10.74
5473,20.99
5474,11.19
5475,59.95
5476,38.53
5477,17.0
5478,9.98
5479,79.95
5480,21.99
5481,22.95
5482,12.95
5483,39.28
5484,95.0
5485,11.92
5486,12.37
5487,11.89
5488,11.95
5489,45.0
5490,5.95
5491,8.76
5492,16.47
5493,59.95
5494,10.95
5495,14.79
5496,10.87
5497,17.0
5498,13.0
5499,15.22
5500,24.95
5501,19.95
5502,10.17
5503,24.99
5504,5.95
5505,49.95
5506,25.0
5507,14.4
5508,54.0
5509,14.95
5510,95.88
5511,25.0
5512,11.19
5513,25.68
5514,45.0
5515,17.12
5516,5.95
5517,115.8
5518,5.98
5519,42.5
5520,284.1
5521,21.95
5522,17.64
5523,29.0
5524,18.95
5525,7.56
5526,9.95
5527,39.65
5528,23.6
5529,10.88
5530,46.95
5531,10.19
5532,7.99
5533,8.4
5534,45.5
5535,29.55
5536,15.95
5537,27.95
5538,19.85
5539,9.95
5540,18.95
5541,11.3
5542,29.95
5543,32.27
5544,16.0
5545,34.04
5546,15.13
5547,18.96
5548,60.0
5549,23.65
5550,45.93
5551,20.8
5552,20.0
5553,7.43
5554,15.0
5555,20.0
5556,32.95
5557,22.6
5558,9.0
5559,39.95
5560,23.76
5561,22.76
5562,57.0
5563,7.6
5564,129.01
5565,8.0
5566,14.11
5567,79.95
5568,18.95
5569,59.95
5570,6.95
5571,55.26
5572,7.99
5573,15.06
5574,15.95
5575,9.2
5576,40.0
5577,15.0
5578,19.5
5579,59.95
5580,59.95
5581,39.95
5582,17.95
5583,24.87
5584,57.95
5585,9.95
5586,17.34
5587,26.95
5588,95.0
5589,52.5
5590,10.85
5591,17.9
5592,18.08
5593,9.95
5594,8.0
5595,70.29
5596,6.74
5597,287.38
5598,5.54
5599,19.95
5600,60.0
5601,22.0
5602,35.0
5603,17.95
5604,14.97
5605,14.95
5606,23.95
5607,6.39
5608,11.2
5609,38.0
5610,22.95
5611,78.84
5612,11.21
5613,5.0
5614,20.0
5615,44.95
5616,35.49
5617,59.95
5618,8.39
5619,37.44
5620,28.95
5621,59.95
5622,25.0
5623,23.0
5624,19.95
5625,15.0
5626,16.46
5627,62.11
5628,14.95
5629,9.98
5630,47.11
5631,22.56
5632,10.0
5633,23.91
5634,11.01
5635,21.15
5636,15.56
5637,17.0
5638,15.56
5639,19.77
5640,9.88
5641,92.0
5642,23.1
5643,14.95
5644,14.95
5645,59.95
5646,6.39
5647,9.6
5648,17.95
5649,15.82
5650,14.95
5651,13.99
5652,17.81
5653,4.79
5654,45.0
5655,23.1
5656,15.59
5657,7.98
5658,4.4
5659,16.2
5660,4.99
5661,87.0
5662,109.95
5663,11.66
5664,8.05
5665,13.95
5666,15.0
5667,3.99
5668,37.95
5669,39.95
5670,23.95
5671,83.31
5672,6.4
5673,34.0
5674,10.91
5675,17.52
5676,32.95
5677,59.09
5678,45.66
5679,30.0
5680,12.95
5681,44.99
5682,21.86
5683,41.0
5684,8.95
5685,13.95
5686,137.24
5687,15.28
5688,22.8
5689,17.5
5690,74.38
5691,200.0
5692,14.0
5693,21.99
5694,60.95
5695,8.95
5696,30.57
5697,34.95
5698,27.4
5699,12.78
5700,59.95
5701,24.95
5702,17.64
5703,59.95
5704,5.4
5705,15.95
5706,14.95
5707,11.86
5708,13.98
5709,16.95
5710,25.95
5711,13.57
5712,24.95
5713,37.05
5714,59.72
5715,29.95
5716,33.89
5717,17.52
5718,9.84
5719,2.4
5720,10.82
5721,14.78
5722,42.95
5723,45.0
5724,6.95
5725,4.8
5726,14.54
5727,17.0
5728,9.65
5729,12.71
5730,5.95
5731,15.95
5732,18.14
5733,3.2
5734,13.1
5735,27.77
5736,21.72
5737,8.47
5738,20.0
5739,19.95
5740,26.06
5741,17.44
5742,51.0
5743,5.0
5744,59.95
5745,59.95
5746,10.22
5747,21.95
5748,32.58
5749,33.89
5750,142.95
5751,22.2
5752,3.37
5753,14.99
5754,9.69
5755,11.88
5756,12.44
5757,15.25
5758,50.87
5759,45.63
5760,32.0
5761,19.95
5762,11.21
5763,85.0
5764,11.69
5765,9.34
5766,16.91
5767,17.38
5768,16.64
5769,15.56
5770,26.81
5771,19.9
5772,30.95
5773,49.4
5774,19.95
5775,6.95
5776,41.0
5777,35.95
5778,10.2
5779,8.06
5780,4.4
5781,25.0
5782,7.99
5783,12.21
5784,49.96
5785,7.99
5786,85.0
5787,10.39
5788,5.95
5789,15.0
5790,295.0
5791,13.9
5792,14.0
5793,29.45
5794,6.95
5795,65.0
5796,124.69
5797,18.95
5798,7.69
5799,12.91
5800,11.95
5801,1.29
5802,29.95
5803,21.89
5804,7.5
5805,11.04
5806,14.57
5807,25.95
5808,19.8
5809,11.95
5810,11.79
5811,12.95
5812,14.95
5813,25.49
5814,7.99
5815,12.0
5816,24.95
5817,12.95
5818,37.5
5819,12.95
5820,20.0
5821,39.95
5822,4.59
5823,36.0
5824,11.89
5825,12.95
5826,19.95
5827,1.59
5828,11.7
5829,73.0
5830,7.98
5831,5.95
5832,10.85
5833,12.95
5834,5.95
5835,38.29
5836,12.23
5837,32.73
5838,1.69
5839,6.99
5840,7.99
5841,20.0
5842,5.99
5843,22.95
5844,19.95
5845,70.0
5846,99.95
5847,24.77
5848,9.97
5849,1.29
5850,5.95
5851,8.09
5852,17.48
5853,18.95
5854,10.88
5855,5.99
5856,10.91
5857,14.62
5858,10.0
5859,10.98
5860,13.7
5861,32.95
5862,1.0
5863,28.99
5864,6.95
5865,32.95
5866,10.97
5867,5.99
5868,42.0
5869,15.95
5870,11.0
5871,1.29
5872,4.99
5873,12.95
5874,19.95
5875,23.1
5876,119.95
5877,31.95
5878,19.88
5879,19.0
5880,24.21
5881,30.95
5882,147.0
5883,13.22
5884,9.95
5885,20.65
5886,21.56
5887,4.95
5888,19.95
5889,13.95
5890,9.6
5891,11.35
5892,17.0
5893,26.0
5894,38.42
5895,16.95
5896,29.95
5897,16.99
5898,14.0
5899,12.99
5900,1.29
5901,32.64
5902,29.95
5903,7.98
5904,16.35
5905,18.96
5906,14.95
5907,15.25
5908,28.75
5909,32.99
5910,1.29
5911,1.29
5912,14.95
5913,61.79
5914,13.87
5915,18.99
5916,18.0
5917,1.29
5918,105.17
5919,124.24
5920,50.0
5921,20.09
5922,17.95
5923,41.75
5924,1.29
5925,16.95
5926,18.52
5927,11.99
5928,1.29
5929,12.66
5930,15.59
5931,22.5
5932,14.5
5933,10.4
5934,29.95
5935,10.19
5936,7.17
5937,50.0
5938,15.95
5939,12.99
5940,11.55
5941,27.21
5942,17.09
5943,36.51
5944,1.29
5945,19.95
5946,6.97
5947,8.95
5948,12.0
5949,121.95
5950,19.95
5951,18.68
5952,29.95
5953,10.7
5954,14.95
5955,22.95
5956,21.0
5957,1.49
5958,1.5
5959,14.83
5960,7.99
5961,130.0
5962,54.95
5963,17.39
5964,11.66
5965,62.5
5966,17.15
5967,22.95
5968,1.29
5969,19.73
5970,15.42
5971,30.6
5972,29.95
5973,14.95
5974,59.95
5975,13.11
5976,9.95
5977,59.95
5978,19.39
5979,18.96
5980,10.95
5981,10.17
5982,179.0
5983,29.83
5984,106.74
5985,14.99
5986,35.0
5987,4.8
5988,44.53
5989,11.95
5990,12.99
5991,27.95
5992,10.94
5993,24.95
5994,1.49
5995,14.99
5996,32.95
5997,24.53
5998,28.88
5999,59.95
6000,99.95
6001,24.95
6002,55.0
6003,50.0
6004,24.95
6005,39.99
6006,194.0
6007,9.95
6008,19.99
6009,19.95
6010,21.95
6011,11.01
6012,17.0
6013,13.49
6014,10.99
6015,13.26
6016,4.0
6017,22.26
6018,138.0
6019,19.95
6020,10.88
6021,11.07
6022,13.49
6023,21.79
6024,55.97
6025,62.5
6026,27.8
6027,1.29
6028,32.95
6029,9.95
6030,41.15
6031,5.6
6032,19.95
6033,9.34
6034,198.89
6035,14.95
6036,31.57
6037,6.99
6038,21.95
6039,39.95
6040,141.92
6041,3.2
6042,13.04
6043,4.84
6044,2.4
6045,10.35
6046,3.6
6047,20.95
6048,6.8
6049,7.98
6050,5.6
6051,199.0
6052,4.0
6053,14.34
6054,14.78
6055,8.72
6056,16.95
6057,6.5
6058,30.49
6059,13.97
6060,14.99
6061,5.95
6062,24.96
6063,99.24
6064,12.23
6065,26.56
6066,30.36
6067,9.95
6068,24.0
6069,24.95
6070,10.26
6071,7.95
6072,28.07
6073,13.22
6074,8.0
6075,4.0
6076,16.95
6077,12.95
6078,4.8
6079,32.64
6080,12.27
6081,19.95
6082,40.69
6083,27.07
6084,87.95
6085,9.79
6086,8.79
6087,11.44
6088,61.12
6089,55.0
6090,11.81
6091,20.0
6092,6.0
6093,80.0
6094,17.77
6095,14.95
6096,28.29
6097,21.95
6098,49.95
6099,16.8
6100,29.95
6101,27.5
6102,31.25
6103,3.0
6104,345.0
6105,26.59
6106,11.27
6107,24.0
6108,19.95
6109,7.99
6110,14.95
6111,39.0
6112,55.7
6113,16.25
6114,5.58
6115,9.95
6116,14.95
6117,104.39
6118,18.0
6119,14.46
6120,29.25
6121,12.95
6122,36.46
6123,5.13
6124,32.87
6125,7.99
6126,16.95
6127,7.83
6128,17.9
6129,9.98
6130,29.95
6131,7.99
6132,13.46
6133,64.0
6134,69.56
6135,37.8
6136,39.99
6137,7.99
6138,36.5
6139,90.95
6140,5.6
6141,80.0
6142,19.95
6143,31.5
6144,20.44
6145,70.0
6146,22.95
6147,31.7
6148,9.95
6149,14.95
6150,5.6
6151,14.03
6152,15.95
6153,19.88
6154,16.95
6155,14.95
6156,14.06
6157,4.0
6158,39.0
6159,34.0
6160,16.99
6161,68.15
6162,27.78
6163,17.0
6164,14.95
6165,4.0
6166,16.47
6167,19.99
6168,10.95
6169,12.95
6170,29.63
6171,6.95
6172,13.95
6173,24.95
6174,122.99
6175,29.95
6176,36.5
6177,35.0
6178,10.19
6179,44.99
6180,20.95
6181,58.36
6182,16.95
6183,5.99
6184,9.95
6185,15.18
6186,22.0
6187,95.0
6188,16.46
6189,4.4
6190,5.8
6191,25.0
6192,44.99
6193,12.99
6194,9.95
6195,13.95
6196,7.2
6197,37.85
6198,25.0
6199,4.0
6200,89.95
6201,13.95
6202,80.0
6203,4.49
6204,27.8
6205,11.01
6206,1.29
6207,109.5
6208,29.7
6209,61.28
6210,12.45
6211,4.8
6212,7.0
6213,20.55
6214,11.01
6215,14.95
6216,45.0
6217,22.0
6218,16.95
6219,12.95
6220,18.95
6221,24.95
6222,24.95
6223,30.36
6224,4.99
6225,16.95
6226,87.6
6227,1.0
6228,1.69
6229,11.24
6230,30.8
6231,45.49
6232,15.76
6233,16.99
6234,24.95
6235,5.95
6236,7.99
6237,51.82
6238,7.99
6239,12.95
6240,21.95
6241,13.47
6242,49.99
6243,16.36
6244,1.0
6245,9.94
6246,2.49
6247,8.4
6248,14.95
6249,12.4
6250,24.95
6251,15.95
6252,14.16
6253,51.09
6254,13.22
6255,33.34
6256,93.0
6257,8.0
6258,36.62
6259,24.95
6260,12.99
6261,24.95
6262,40.37
6263,14.95
6264,17.87
6265,1.29
6266,23.1
6267,20.21
6268,19.95
6269,2.8
6270,1.0
6271,3.49
6272,32.5
6273,26.59
6274,39.91
6275,91.95
6276,24.95
6277,14.24
6278,48.0
6279,10.19
6280,11.95
6281,58.0
6282,20.95
6283,191.0
6284,13.95
6285,2.49
6286,13.95
6287,21.99
6288,12.4
6289,13.95
6290,12.95
6291,27.13
6292,14.95
6293,27.95
6294,20.14
6295,13.95
6296,25.26
6297,1.29
6298,10.34
6299,55.0
6300,16.39
6301,15.57
6302,33.95
6303,17.23
6304,75.0
6305,12.95
6306,24.95
6307,12.44
6308,15.45
6309,16.99
6310,6.95
6311,13.95
6312,29.95
6313,59.15
6314,195.98
6315,8.95
6316,19.95
6317,30.0
6318,16.95
6319,11.9
6320,49.95
6321,29.95
6322,13.88
6323,9.99
6324,3.59
6325,119.14
6326,11.16
6327,9.31
6328,10.2
6329,15.95
6330,9.12
6331,1.79
6332,11.95
6333,22.95
6334,10.55
6335,16.0
6336,15.95
6337,21.95
6338,7.56
6339,8.76
6340,16.76
6341,16.95
6342,13.5
6343,50.0
6344,13.95
6345,17.4
6346,17.78
6347,14.95
6348,10.51
6349,1.0
6350,12.06
6351,6.5
6352,11.95
6353,12.95
6354,9.95
6355,15.95
6356,30.0
6357,32.99
6358,18.0
6359,20.24
6360,10.7
6361,4.0
6362,31.38
6363,13.95
6364,12.95
6365,19.95
6366,47.0
6367,75.0
6368,7.94
6369,28.62
6370,1.0
6371,5.0
6372,2.49
6373,22.6
6374,4.49
6375,25.0
6376,12.95
6377,1.0
6378,107.7
6379,13.34
6380,12.69
6381,25.0
6382,23.0
6383,31.94
6384,40.8
6385,10.99
6386,28.99
6387,54.75
6388,10.95
6389,12.21
6390,25.0
6391,1.99
6392,8.4
6393,22.9
6394,12.95
6395,9.98
6396,63.72
6397,12.95
6398,10.79
6399,16.95
6400,14.0
6401,23.0
6402,9.38
6403,18.95
6404,88.1
6405,69.95
6406,24.95
6407,1.0
6408,11.95
6409,19.95
6410,14.95
6411,8.0
6412,29.63
6413,15.99
6414,13.95
6415,142.0
6416,19.95
6417,3.99
6418,29.99
6419,229.95
6420,1.0
6421,20.0
6422,44.95
6423,24.0
6424,99.0
6425,10.28
6426,63.03
6427,1.35
6428,9.99
6429,5.98
6430,5.99
6431,15.0
6432,11.95
6433,13.5
6434,14.95
6435,19.95
6436,134.17
6437,97.11
6438,11.6
6439,1.69
6440,40.95
6441,137.64
6442,12.0
6443,7.95
6444,19.9
6445,119.95
6446,24.99
6447,21.95
6448,30.0
6449,14.95
6450,33.95
6451,22.39
6452,49.95
6453,25.0
6454,10.38
6455,30.95
6456,8.52
6457,15.0
6458,1.0
6459,24.5
6460,14.34
6461,23.0
6462,39.95
6463,207.4
6464,15.56
6465,51.5
6466,220.0
6467,25.95
6468,9.95
6469,5.95
6470,15.95
6471,14.95
6472,30.95
6473,2.99
6474,20.8
6475,3.6
6476,15.19
6477,29.95
6478,17.95
6479,19.95
6480,106.89
6481,13.22
6482,34.95
6483,13.27
6484,20.72
6485,26.95
6486,14.31
6487,20.0
6488,10.99
6489,20.99
6490,11.48
6491,50.95
6492,2.99
6493,24.14
6494,9.99
6495,34.0
6496,14.95
6497,14.21
6498,76.16
6499,16.95
6500,21.99
6501,49.79
6502,39.95
6503,62.93
6504,21.49
6505,7.19
6506,16.1
6507,11.95
6508,8.95
6509,13.99
6510,15.26
6511,17.95
6512,19.0
6513,17.0
6514,9.95
6515,12.81
6516,17.87
6517,14.45
6518,15.0
6519,25.6
6520,1.49
6521,9.95
6522,13.53
6523,18.99
6524,39.95
6525,34.66
6526,18.0
6527,22.95
6528,47.26
6529,39.95
6530,13.99
6531,32.81
6532,12.74
6533,28.0
6534,58.36
6535,31.4
6536,19.95
6537,11.01
6538,4.4
6539,5.85
6540,1.69
6541,37.96
6542,17.15
6543,8.95
6544,14.0
6545,7.95
6546,115.0
6547,55.0
6548,11.86
6549,14.95
6550,43.74
6551,17.95
6552,9.95
6553,199.0
6554,13.95
6555,19.32
6556,26.32
6557,11.15
6558,9.6
6559,4.4
6560,29.95
6561,27.95
6562,99.0
6563,190.0
6564,9.75
6565,3.8
6566,16.95
6567,39.95
6568,2.0
6569,15.44
6570,51.06
6571,11.53
6572,10.49
6573,120.0
6574,22.1
6575,19.95
6576,18.0
6577,5.95
6578,10.91
6579,11.01
6580,16.47
6581,20.0
6582,8.95
6583,49.95
6584,23.69
6585,9.69
6586,1.29
6587,15.59
6588,20.0
6589,29.95
6590,7.0
6591,119.77
6592,33.4
6593,15.56
6594,214.94
6595,96.5
6596,6.99
6597,29.19
6598,44.95
6599,199.0
6600,11.89
6601,98.95
6602,69.41
6603,24.95
6604,39.95
6605,36.99
6606,1.0
6607,11.08
6608,15.52
6609,29.16
6610,9.94
6611,140.0
6612,24.95
6613,7.99
6614,27.82
6615,7.95
6616,11.24
6617,21.99
6618,39.95
6619,19.95
6620,7.99
6621,31.99
6622,8.69
6623,7.99
6624,19.95
6625,2.49
6626,19.95
6627,13.57
6628,9.99
6629,32.0
6630,130.2
6631,19.95
6632,8.99
6633,122.79
6634,37.54
6635,13.57
6636,15.5
6637,18.43
6638,6.48
6639,39.95
6640,56.88
6641,11.95
6642,1.29
6643,195.0
6644,3.99
6645,1.49
6646,50.37
6647,29.45
6648,19.95
6649,15.95
6650,1.49
6651,17.95
6652,64.17
6653,8.99
6654,16.95
6655,22.0
6656,14.95
6657,11.66
6658,73.95
6659,19.95
6660,7.99
6661,7.99
6662,84.95
6663,112.5
6664,23.31
6665,15.87
6666,18.82
6667,24.95
6668,19.95
6669,16.99
6670,65.0
6671,16.47
6672,11.21
6673,16.0
6674,139.0
6675,18.92
6676,16.53
6677,51.07
6678,19.95
6679,22.95
6680,9.95
6681,29.7
6682,14.95
6683,14.5
6684,18.81
6685,40.02
6686,36.13
6687,37.9
6688,62.95
6689,1.96
6690,15.95
6691,7.56
6692,11.66
6693,11.69
6694,1.0
6695,15.84
6696,36.96
6697,13.31
6698,5.35
6699,20.62
6700,15.95
6701,9.95
6702,69.0
6703,19.95
6704,27.31
6705,12.95
6706,60.99
6707,27.5
6708,99.0
6709,18.95
6710,17.95
6711,42.12
6712,4.95
6713,24.0
6714,29.5
6715,61.91
6716,30.39
6717,15.85
6718,2.99
6719,42.95
6720,16.66
6721,25.51
6722,31.99
6723,17.95
6724,14.95
6725,15.56
6726,108.92
6727,40.49
6728,21.36
6729,39.0
6730,30.95
6731,13.22
6732,13.95
6733,7.71
6734,12.95
6735,1.0
6736,10.99
6737,12.99
6738,19.77
6739,35.0
6740,39.25
6741,52.0
6742,12.4
6743,12.83
6744,11.24
6745,13.22
6746,15.95
6747,16.95
6748,157.06
6749,9.99
6750,196.17
6751,35.0
6752,28.0
6753,17.15
6754,41.71
6755,26.95
6756,87.68
6757,24.99
6758,14.96
6759,9.84
6760,30.13
6761,12.95
6762,22.99
6763,39.99
6764,9.94
6765,41.95
6766,13.02
6767,6.78
6768,9.99
6769,17.99
6770,12.55
6771,36.46
6772,9.95
6773,26.0
6774,34.0
6775,21.14
6776,48.66
6777,15.0
6778,27.4
6779,13.5
6780,7.99
6781,15.52
6782,8.95
6783,19.99
6784,6.95
6785,12.95
6786,18.14
6787,38.0
6788,12.95
6789,7.04
6790,51.02
6791,12.99
6792,16.95
6793,34.99
6794,18.96
6795,5.99
6796,27.0
6797,50.0
6798,37.95
6799,6.99
6800,26.4
6801,5.99
6802,6.25
6803,5.95
6804,6.99
6805,37.95
6806,15.4
6807,34.6
6808,30.25
6809,14.95
6810,21.99
6811,34.95
6812,14.21
6813,45.0
6814,236.0
6815,25.5
6816,13.26
6817,14.95
6818,14.95
6819,150.0
6820,14.99
6821,34.76
6822,60.0
6823,6.99
6824,18.16
6825,39.98
6826,7.99
6827,6.44
6828,30.0
6829,95.0
6830,120.75
6831,45.0
6832,14.0
6833,41.95
6834,16.95
6835,22.94
6836,28.98
6837,28.35
6838,6.99
6839,39.72
6840,15.99
6841,15.56
6842,19.95
6843,67.51
6844,36.95
6845,12.95
6846,7.99
6847,29.95
6848,22.95
6849,21.26
6850,16.89
6851,13.75
6852,129.95
6853,33.95
6854,26.0
6855,10.99
6856,6.3
6857,7.99
6858,11.99
6859,9.95
6860,160.0
6861,13.75
6862,6.01
6863,59.95
6864,17.95
6865,174.0
6866,11.39
6867,6.95
6868,9.89
6869,79.33
6870,26.96
6871,115.0
6872,15.0
6873,6.99
6874,21.45
6875,12.88
6876,19.95
6877,20.0
6878,21.95
6879,223.53
6880,19.66
6881,12.95
6882,12.95
6883,29.95
6884,13.1
6885,39.13
6886,12.44
6887,7.99
6888,15.71
6889,66.95
6890,15.0
6891,7.93
6892,27.95
6893,37.76
6894,12.95
6895,26.23
6896,21.0
6897,41.95
6898,22.95
6899,15.0
6900,12.48
6901,135.0
6902,18.71
6903,55.0
6904,31.06
6905,19.98
6906,11.99
6907,28.75
6908,29.95
6909,69.95
6910,11.95
6911,49.22
6912,72.93
6913,11.26
6914,18.95
6915,21.71
6916,128.24
6917,16.37
6918,16.47
6919,10.99
6920,16.95
6921,19.28
6922,51.06
6923,45.95
6924,14.95
6925,10.95
6926,24.95
6927,60.82
6928,23.0
6929,130.0
6930,28.35
6931,30.39
6932,54.1
6933,11.67
6934,157.95
6935,22.27
6936,15.5
6937,12.48
6938,12.95
6939,5.95
6940,3.47
6941,20.99
6942,32.0
6943,14.0
6944,14.06
6945,9.99
6946,43.76
6947,14.93
6948,14.99
6949,9.75
6950,17.93
6951,17.59
6952,104.15
6953,39.99
6954,11.88
6955,35.99
6956,7.99
6957,11.69
6958,67.5
6959,300.0
6960,12.0
6961,12.95
6962,97.33
6963,62.11
6964,8.99
6965,24.95
6966,21.99
6967,17.5
6968,16.95
6969,29.95
6970,114.95
6971,7.99
6972,24.99
6973,29.99
6974,45.0
6975,44.16
6976,50.0
6977,11.55
6978,12.95
6979,15.0
6980,14.95
6981,10.95
6982,24.95
6983,17.12
6984,95.8
6985,5.95
6986,19.95
6987,10.05
6988,59.5
6989,15.0
6990,10.2
6991,35.0
6992,150.0
6993,13.95
6994,29.95
6995,9.95
6996,16.0
6997,137.0
6998,10.24
6999,19.95
7000,32.99
7001,66.0
7002,14.95
7003,4.99
7004,109.95
7005,39.99
7006,18.95
7007,14.99
7008,12.95
7009,34.79
7010,9.95
7011,103.6
7012,10.63
7013,9.95
7014,16.34
7015,11.21
7016,15.13
7017,37.85
7018,15.0
7019,151.95
7020,13.31
7021,24.99
7022,37.0
7023,29.95
7024,4.65
7025,19.0
7026,25.0
7027,21.3
7028,18.6
7029,12.99
7030,36.0
7031,89.95
7032,9.29
7033,4.99
7034,31.91
7035,17.0
7036,19.95
7037,22.93
7038,12.71
7039,13.22
7040,24.99
7041,19.95
7042,24.95
7043,65.0
7044,13.95
7045,200.65
7046,19.95
7047,84.14
7048,14.95
7049,14.56
7050,55.0
7051,9.95
7052,9.95
7053,25.0
7054,57.42
7055,14.82
7056,4.86
7057,49.95
7058,10.94
7059,19.32
7060,18.96
7061,22.76
7062,10.95
7063,17.12
7064,37.7
7065,49.62
7066,16.95
7067,14.99
7068,10.39
7069,15.0
7070,29.95
7071,30.89
7072,15.94
7073,38.28
7074,18.86
7075,19.99
7076,13.98
7077,268.11
7078,16.95
7079,12.66
7080,39.95
7081,16.99
7082,22.76
7083,11.35
7084,11.01
7085,18.96
7086,16.7
7087,103.88
7088,21.16
7089,31.38
7090,20.99
7091,13.6
7092,17.98
7093,13.95
7094,16.95
7095,11.66
7096,21.95
7097,55.78
7098,12.95
7099,18.21
7100,9.98
7101,55.0
7102,8.95
7103,105.0
7104,16.99
7105,20.4
7106,24.95
7107,15.0
7108,24.24
7109,37.89
7110,10.39
7111,6.84
7112,186.34
7113,19.95
7114,22.95
7115,14.19
7116,22.95
7117,14.95
7118,24.95
7119,10.17
7120,162.43
7121,75.0
7122,22.95
7123,18.05
7124,24.95
7125,11.66
7126,4.95
7127,11.9
7128,66.97
7129,23.64
7130,10.77
7131,9.63
7132,21.95
7133,14.99
7134,15.99
7135,24.95
7136,34.95
7137,159.95
7138,38.35
7139,5.39
7140,10.72
7141,13.69
7142,12.47
7143,5.95
7144,29.95
7145,89.95
7146,76.95
7147,16.95
7148,67.15
7149,8.27
7150,11.58
7151,16.95
7152,19.99
7153,15.81
7154,29.95
7155,10.97
7156,48.95
7157,15.95
7158,21.9
7159,14.95
7160,101.0
7161,25.0
7162,10.26
7163,11.55
7164,39.99
7165,7.06
7166,79.41
7167,11.99
7168,161.72
7169,24.35
7170,27.25
7171,11.01
7172,14.75
7173,9.46
7174,15.05
7175,30.0
7176,17.95
7177,19.77
7178,14.96
7179,6.96
7180,16.95
7181,29.99
7182,20.0
7183,14.95
7184,38.18
7185,6.99
7186,28.95
7187,7.99
7188,24.81
7189,18.95
7190,12.09
7191,6.95
7192,19.99
7193,9.95
7194,14.95
7195,17.0
7196,56.31
7197,17.98
7198,21.95
7199,17.96
7200,60.0
7201,14.95
7202,13.5
7203,248.99
7204,20.0
7205,27.34
7206,9.99
7207,13.36
7208,13.95
7209,17.95
7210,24.95
7211,10.0
7212,11.21
7213,29.95
7214,66.0
7215,19.95
7216,19.95
7217,16.47
7218,21.99
7219,7.99
7220,18.81
7221,24.0
7222,24.98
7223,11.25
7224,32.28
7225,26.56
7226,10.91
7227,24.68
7228,96.1
7229,23.95
7230,11.95
7231,19.95
7232,12.8
7233,13.76
7234,15.59
7235,73.11
7236,17.96
7237,13.19
7238,9.99
7239,18.07
7240,10.2
7241,14.95
7242,12.95
7243,110.0
7244,14.95
7245,48.0
7246,24.0
7247,9.95
7248,11.18
7249,11.32
7250,26.0
7251,19.95
7252,128.85
7253,14.95
7254,15.61
7255,11.01
7256,22.95
7257,15.71
7258,7.02
7259,11.7
7260,40.91
7261,20.0
7262,34.49
7263,10.16
7264,11.6
7265,21.09
7266,10.95
7267,19.95
7268,11.95
7269,8.72
7270,29.95
7271,30.95
7272,9.95
7273,20.65
7274,24.95
7275,26.0
7276,11.66
7277,26.18
7278,27.95
7279,10.85
7280,83.95
7281,19.95
7282,10.17
7283,38.39
7284,18.09
7285,12.44
7286,10.88
7287,11.7
7288,13.25
7289,11.19
7290,20.74
7291,9.95
7292,21.99
7293,27.85
7294,19.95
7295,30.06
7296,14.95
7297,47.25
7298,23.95
7299,7.99
7300,23.74
7301,11.35
7302,13.95
7303,20.0
7304,12.41
7305,169.95
7306,19.95
7307,11.76
7308,11.66
7309,14.95
7310,23.95
7311,26.78
7312,28.99
7313,12.95
7314,5.95
7315,25.95
7316,27.99
7317,45.0
7318,1.35
7319,14.25
7320,30.48
7321,45.88
7322,39.95
7323,28.95
7324,15.51
7325,16.99
7326,10.85
7327,23.93
7328,39.99
7329,17.2
7330,13.55
7331,27.78
7332,13.34
7333,19.95
7334,12.95
7335,8.99
7336,13.48
7337,5.6
7338,120.0
7339,15.0
7340,14.95
7341,30.0
7342,13.95
7343,123.0
7344,11.16
7345,39.19
7346,11.91
7347,13.95
7348,17.93
7349,19.95
7350,11.55
7351,19.95
7352,14.95
7353,29.0
7354,4.99
7355,47.98
7356,19.95
7357,9.0
7358,3.32
7359,34.99
